市区町村名,緯度,緯度,経度,経度,区内バス停ID,会社名称,路線名称,どこからどこまで,行き方面,帰り方面,バス停名称,url,同じバス停
error,None,None,None,None,1,都バス２３区,品９８,品川駅港南口～大田市場,大田市場方面,品川駅港南口方面,大田市場,https://mb.jorudan.co.jp//os/bus/1301/stop/40878.html,
error,35.63119139,35.63119139,139.7539972,139.7539972,2,都バス２３区,品９９,品川駅港南口～品川埠頭岸壁入口,品川駅港南口方面,品川駅港南口方面,港南大橋,https://mb.jorudan.co.jp//os/bus/1301/stop/40770.html,
error,None,None,None,None,3,都バス２３区,市０１急行,新橋駅前～豊洲市場,豊洲市場方面,新橋駅前方面,豊洲市場,https://mb.jorudan.co.jp//os/bus/1301/stop/236882.html,
error,None,None,None,None,4,都バス２３区,江東０１,潮見駅前～辰巳一丁目北,潮見駅前方面,潮見駅前方面,潮見駅前,https://mb.jorudan.co.jp//os/bus/1301/stop/41258.html,
error,None,None,None,None,5,都バス２３区,深夜１１,王子駅前～新田二丁目,新田二丁目方面,王子駅前方面,新田二丁目,https://mb.jorudan.co.jp//os/bus/1301/stop/41271.html,
error,None,None,None,None,6,都バス２３区,渋８８出入,新宿車庫前～渋谷駅西口,渋谷駅西口方面,新宿車庫前方面,渋谷駅西口,https://mb.jorudan.co.jp//os/bus/1301/stop/41597.html,
error,None,None,None,None,7,都バス２３区,渋８８出入,新宿車庫前～渋谷駅西口,新宿車庫前方面,渋谷駅東口方面,宮下公園,https://mb.jorudan.co.jp//os/bus/1301/stop/41597.html,
error,None,None,None,None,8,都バス２３区,王４０甲,池袋駅東口～西新井駅前,西新井駅前方面,池袋駅東口方面,池袋駅東口１０番のりば,https://mb.jorudan.co.jp//os/bus/1301/stop/41924.html,
error,None,None,None,None,9,都バス２３区,王４０甲,池袋駅東口～西新井駅前,西新井駅前方面,池袋駅東口方面,西新井陸橋,https://mb.jorudan.co.jp//os/bus/1301/stop/40602.html,
error,None,None,None,None,10,都バス２３区,王４０甲,池袋駅東口～西新井駅前,池袋駅東口方面,西新井駅前方面,Ｈａｒｅｚａ池袋,https://mb.jorudan.co.jp//os/bus/1301/stop/41924.html,
error,None,None,None,None,11,都バス２３区,王４０甲,池袋駅東口～西新井駅前,池袋駅東口方面,西新井駅前方面,西新井駅前,https://mb.jorudan.co.jp//os/bus/1301/stop/40602.html,
error,None,None,None,None,12,都バス２３区,白６１出入,練馬車庫前～目白駅前,目白駅前方面,練馬車庫前方面,目白駅前,https://mb.jorudan.co.jp//os/bus/1301/stop/41637.html,
error,None,None,None,None,13,都バス２３区,直行０２,豊海水産埠頭～東京駅八重洲口,東京駅八重洲口方面,豊海水産埠頭方面,東京駅八重洲口,https://mb.jorudan.co.jp//os/bus/1301/stop/41682.html,
error,None,None,None,None,14,都バス２３区,直行０３,錦糸町駅前～日本科学未来館,日本科学未来館方面,錦糸町駅前方面,日本科学未来館,https://mb.jorudan.co.jp//os/bus/1301/stop/41128.html,
error,None,None,None,None,15,都バス２３区,都０５－１出入,深川車庫前～晴海埠頭,晴海埠頭方面,深川車庫前方面,晴海埠頭,https://mb.jorudan.co.jp//os/bus/1301/stop/40520.html,
error,None,None,None,None,16,都バス２３区,都０５－１出入,深川車庫前～晴海埠頭,東京駅丸の内南口方面,深川車庫前方面,築地六丁目,https://mb.jorudan.co.jp//os/bus/1301/stop/40520.html,
error,None,None,None,None,17,都バス２３区,都０５－１出入,深川車庫前～晴海埠頭,深川車庫前方面,東京駅丸の内南口方面,勝どき駅前,https://mb.jorudan.co.jp//os/bus/1301/stop/40520.html,
error,None,None,None,None,18,都バス２３区,里４８－３,江北駅前～扇三丁目,江北駅前方面,江北駅前方面,江北駅前,https://mb.jorudan.co.jp//os/bus/1301/stop/41595.html,
error,None,None,None,None,19,都バス２３区,錦１３出入,晴海埠頭～深川車庫前,深川車庫前方面,晴海埠頭方面,深川車庫前,https://mb.jorudan.co.jp//os/bus/1301/stop/40489.html,
error,None,None,None,None,20,都バス２３区,錦１８,錦糸町駅前～新木場駅前［構内］,新木場駅前［構内］方面,錦糸町駅前方面,東京地下鉄総合運動場前,https://mb.jorudan.co.jp//os/bus/1301/stop/41309.html,
error,None,None,None,None,21,都バス２３区,錦１８,錦糸町駅前～新木場駅前［構内］,錦糸町駅前方面,新木場駅前［構内］方面,新東京郵便局前,https://mb.jorudan.co.jp//os/bus/1301/stop/41309.html,
error,None,None,None,None,22,都バス２３区,錦２７－３,東大島駅前～錦糸町駅前,錦糸町駅前方面,東大島駅前方面,錦糸町駅前,https://mb.jorudan.co.jp//os/bus/1301/stop/41005.html,
error,None,None,None,None,23,都バス２３区,ＣＨ０１,新宿駅西口～都議会議事堂,新宿駅西口方面,新宿駅西口方面,新宿駅西口,https://mb.jorudan.co.jp//os/bus/1301/stop/41058.html,
error,None,None,None,None,24,都バス多摩,梅０１,青梅駅前～柚木町三丁目,青梅駅前方面,青梅駅前方面,青梅駅前,https://mb.jorudan.co.jp//os/bus/1302/stop/41997.html,
error,None,None,None,None,25,都バス多摩,梅７４乙：トンネル回り,河辺駅北口～黒沢神社前,河辺駅北口方面,河辺駅北口方面,河辺駅北口,https://mb.jorudan.co.jp//os/bus/1302/stop/42092.html,
error,None,None,None,None,26,都バス多摩,梅７４甲：小曽木回り,裏宿町～黒沢,裏宿町方面,裏宿町方面,裏宿町,https://mb.jorudan.co.jp//os/bus/1302/stop/42013.html,
error,None,None,None,None,27,都バス多摩,梅７４甲：小曽木回り,裏宿町～黒沢,河辺駅北口方面,青梅車庫前方面,青梅車庫前,https://mb.jorudan.co.jp//os/bus/1302/stop/42013.html,
error,None,None,None,None,28,東急バス,た６１,たまプラーザ駅［北口］～あざみ野四丁目,たまプラーザ駅［北口］方面,たまプラーザ駅［北口］方面,たまプラーザ駅［北口］,https://mb.jorudan.co.jp//os/bus/1303/stop/42240.html,
error,None,None,None,None,29,東急バス,トランセ,渋谷駅～渋谷インフォスタワー,渋谷駅方面,渋谷駅方面,渋谷駅,https://mb.jorudan.co.jp//os/bus/1303/stop/42144.html,
error,None,None,None,None,30,東急バス,井０９：大井町駅東口～池上営,大井町駅東口～池上営業所,池上営業所方面,大井町駅東口方面,池上営業所,https://mb.jorudan.co.jp//os/bus/1303/stop/43135.html,
error,None,None,None,None,31,東急バス,南６１,センター南駅～中山駅北口,中山駅北口方面,センター南駅方面,中山駅北口,https://mb.jorudan.co.jp//os/bus/1303/stop/42510.html,
error,None,None,None,None,32,東急バス,市４３：鉄町,市が尾駅～鉄町,鉄町方面,市が尾駅方面,鉄町,https://mb.jorudan.co.jp//os/bus/1303/stop/42680.html,
error,None,None,None,None,33,東急バス,市６１,市が尾駅～荏田西四丁目,市が尾駅方面,市が尾駅方面,市が尾駅,https://mb.jorudan.co.jp//os/bus/1303/stop/42521.html,
error,None,None,None,None,34,東急バス,新横８２,新羽駅～新横浜駅,新横浜駅方面,新羽駅方面,新横浜駅,https://mb.jorudan.co.jp//os/bus/1303/stop/42202.html,
error,None,None,None,None,35,東急バス,日４０,日吉駅東口～東山田営業所,日吉駅方面,東山田営業所方面,東山田営業所,https://mb.jorudan.co.jp//os/bus/1303/stop/42267.html,
error,None,None,None,None,36,東急バス,日５１,日吉駅東口～日吉本町,日吉駅東口方面,日吉駅東口方面,日吉駅東口,https://mb.jorudan.co.jp//os/bus/1303/stop/43243.html,
error,None,None,None,None,37,東急バス,渋１１：渋谷駅～都立大学駅,渋谷駅～都立大学駅北口,都立大学駅北口方面,渋谷駅方面,都立大学駅北口,https://mb.jorudan.co.jp//os/bus/1303/stop/42885.html,
error,None,None,None,None,38,東急バス,渋１２,渋谷駅～高津営業所,高津営業所方面,渋谷駅方面,高津営業所,https://mb.jorudan.co.jp//os/bus/1303/stop/42600.html,
error,None,None,None,None,39,東急バス,渋２４,渋谷駅～成城学園前駅西口,成城学園前駅西口方面,渋谷駅方面,成城学園前駅西口,https://mb.jorudan.co.jp//os/bus/1303/stop/42796.html,
error,None,None,None,None,40,東急バス,渋４１：渋谷駅～新馬場駅前,渋谷駅～新馬場駅前,新馬場駅前方面,渋谷駅方面,新馬場駅前,https://mb.jorudan.co.jp//os/bus/1303/stop/42317.html,
error,None,None,None,None,41,東急バス,溝０３,溝の口駅～小杉駅前,小杉駅前方面,溝の口駅方面,小杉駅前,https://mb.jorudan.co.jp//os/bus/1303/stop/42356.html,
error,None,None,None,None,42,東急バス,玉０７,二子玉川駅～成城学園前駅西口,二子玉川駅方面,成城学園前駅方面,成城学園前駅,https://mb.jorudan.co.jp//os/bus/1303/stop/42796.html,
error,None,None,None,None,43,東急バス,玉１２,二子玉川駅～駒沢大学駅前,高津営業所方面,駒沢大学駅前方面,駒沢,https://mb.jorudan.co.jp//os/bus/1303/stop/42600.html,
error,None,None,None,None,44,東急バス,玉３２,二子玉川駅～玉川高島屋ＳＣ西口,二子玉川駅方面,二子玉川駅方面,二子玉川駅,https://mb.jorudan.co.jp//os/bus/1303/stop/42716.html,
error,None,None,None,None,45,東急バス,等２１,等々力操車所～玉川警察署,等々力操車所方面,等々力操車所方面,等々力操車所,https://mb.jorudan.co.jp//os/bus/1303/stop/42790.html,
error,None,None,None,None,46,東急バス,綱４６,綱島駅～道中坂下,道中坂下方面,綱島駅方面,道中坂下,https://mb.jorudan.co.jp//os/bus/1303/stop/43024.html,
error,None,None,None,None,47,東急バス,綱７３,綱島駅～新羽駅,新羽駅方面,綱島駅方面,新羽駅,https://mb.jorudan.co.jp//os/bus/1303/stop/43341.html,
error,None,None,None,None,48,東急バス,自０１,自由が丘駅～瀬田営業所,瀬田営業所方面,自由が丘駅方面,瀬田営業所,https://mb.jorudan.co.jp//os/bus/1303/stop/43436.html,
error,None,None,None,None,49,東急バス,自１１,東京医療センター～自由が丘駅,自由が丘駅方面,東京医療センター方面,自由が丘駅,https://mb.jorudan.co.jp//os/bus/1303/stop/43074.html,
error,None,None,None,None,50,東急バス,自１１,東京医療センター～自由が丘駅,自由が丘駅入口方面,東京医療センター方面,自由が丘駅入口,https://mb.jorudan.co.jp//os/bus/1303/stop/43074.html,
error,None,None,None,None,51,東急バス,都立３５,東京医療センター～三宿,三宿方面,東京医療センター方面,三宿,https://mb.jorudan.co.jp//os/bus/1303/stop/42612.html,
error,None,None,None,None,52,東急バス,青葉台営業所出入：あかね台行,青葉台営業所～あかね台,あかね台方面,青葉台営業所方面,あかね台,https://mb.jorudan.co.jp//os/bus/1303/stop/42165.html,
error,None,None,None,None,53,東急バス,青１１,青葉台駅～青葉台連合商店会,青葉台駅方面,青葉台駅方面,青葉台駅,https://mb.jorudan.co.jp//os/bus/1303/stop/42339.html,
error,None,None,None,None,54,東急バス,鷺０５：深夜,鷺沼駅～センター北駅,センター北駅方面,鷺沼駅方面,センター北駅,https://mb.jorudan.co.jp//os/bus/1303/stop/42254.html,
error,None,None,None,None,55,東急バス,鷺２１,鷺沼駅～虹が丘営業所,虹が丘営業所方面,鷺沼駅方面,虹が丘営業所,https://mb.jorudan.co.jp//os/bus/1303/stop/43036.html,
error,None,None,None,None,56,小田急バス,世田谷営業所～梅ヶ丘駅,世田谷営業所～梅ヶ丘駅,梅ヶ丘駅方面,世田谷営業所方面,梅ヶ丘駅,https://mb.jorudan.co.jp//os/bus/1309/stop/271337.html,
error,None,None,None,None,57,小田急バス,吉０３,吉祥寺駅～仙川,吉祥寺駅中央口方面,仙川方面,仙川,https://mb.jorudan.co.jp//os/bus/1309/stop/49668.html,
error,None,None,None,None,58,小田急バス,境２１：くぬぎ橋経由,武蔵境駅北口～桜堤団地入口,武蔵境駅北口方面,武蔵境駅北口方面,武蔵境駅北口,https://mb.jorudan.co.jp//os/bus/1309/stop/49280.html,
error,None,None,None,None,59,小田急バス,境２１：亜細亜大学経由,武蔵境駅北口～桜堤上水端［ｈｏｃｃｏ］,桜堤上水端［ｈｏｃｃｏ］方面,武蔵境駅北口方面,桜堤上水端［ｈｏｃｃｏ］,https://mb.jorudan.co.jp//os/bus/1309/stop/317266.html,
error,None,None,None,None,60,小田急バス,境２１：亜細亜大学経由,武蔵境駅北口～桜堤上水端［ｈｏｃｃｏ］,武蔵境駅北口方面,団地上水端方面,団地上水端,https://mb.jorudan.co.jp//os/bus/1309/stop/317266.html,
error,None,None,None,None,61,小田急バス,境９２：吉野南～武蔵境駅南口,吉野南～武蔵境駅南口,武蔵境駅南口方面,吉野南方面,武蔵境駅南口,https://mb.jorudan.co.jp//os/bus/1309/stop/49420.html,
error,None,None,None,None,62,小田急バス,成城学園前駅南口～狛江営業所,成城学園前駅南口～狛江営業所,狛江営業所方面,成城学園前駅南口方面,狛江営業所,https://mb.jorudan.co.jp//os/bus/1309/stop/48961.html,
error,None,None,None,None,63,小田急バス,成城学園前駅西口～仙川駅入口,成城学園前駅西口～仙川駅入口,仙川駅入口方面,成城学園前駅西口方面,仙川駅入口,https://mb.jorudan.co.jp//os/bus/1309/stop/49615.html,
error,None,None,None,None,64,小田急バス,新宿駅西口～世田谷営業所,新宿駅西口～世田谷営業所,世田谷営業所方面,新宿駅西口方面,世田谷営業所,https://mb.jorudan.co.jp//os/bus/1309/stop/224246.html,
error,None,None,None,None,65,小田急バス,新０９循環,新百合ヶ丘駅～麻生警察署前,新百合ヶ丘駅方面,新百合ヶ丘駅方面,新百合ヶ丘駅,https://mb.jorudan.co.jp//os/bus/1309/stop/49282.html,
error,None,None,None,None,66,小田急バス,柿２５,柿生駅北口～甲神社入口,柿生駅北口方面,柿生駅北口方面,柿生駅北口,https://mb.jorudan.co.jp//os/bus/1309/stop/49735.html,
error,None,None,None,None,67,小田急バス,梅０２,梅ヶ丘駅～経堂駅,経堂駅方面,梅ヶ丘駅方面,経堂駅,https://mb.jorudan.co.jp//os/bus/1309/stop/49713.html,
error,None,None,None,None,68,小田急バス,狛江営業所～中和泉～狛江駅北口,狛江営業所～狛江駅北口,狛江駅北口方面,狛江営業所方面,狛江駅北口,https://mb.jorudan.co.jp//os/bus/1309/stop/49081.html,
error,None,None,None,None,69,小田急バス,狛江営業所～千歳烏山駅南口,狛江営業所～千歳烏山駅南口,千歳烏山駅南口方面,狛江営業所方面,千歳烏山駅南口,https://mb.jorudan.co.jp//os/bus/1309/stop/49647.html,
error,None,None,None,None,70,小田急バス,玉０７,二子玉川駅～成城学園前駅西口,二子玉川駅方面,成城学園前駅南口方面,成城学園前駅南口,https://mb.jorudan.co.jp//os/bus/1309/stop/49337.html,
error,None,None,None,None,71,小田急バス,直行吉１３,吉祥寺駅～杏林大学井の頭キャンパス,杏林大学井の頭キャンパス方面,吉祥寺駅方面,杏林大学井の頭キャンパス,https://mb.jorudan.co.jp//os/bus/1309/stop/178138.html,
error,None,None,None,None,72,小田急バス,祖師谷・成城地域循環,祖師ヶ谷大蔵駅～祖師谷商店街西,祖師ヶ谷大蔵駅方面,祖師ヶ谷大蔵駅方面,祖師ヶ谷大蔵駅,https://mb.jorudan.co.jp//os/bus/1309/stop/49037.html,
error,None,None,None,None,73,小田急バス,緑ヶ丘循環,仙川駅～柳川橋,仙川駅方面,仙川駅方面,仙川駅,https://mb.jorudan.co.jp//os/bus/1309/stop/49369.html,
error,None,None,None,None,74,小田急バス,調３２,調布駅北口～武蔵境営業所,武蔵境営業所方面,調布駅北口方面,武蔵境営業所,https://mb.jorudan.co.jp//os/bus/1309/stop/49406.html,
error,None,None,None,None,75,小田急バス,鷹５９,三鷹駅～法専寺前,三鷹駅方面,三鷹駅方面,三鷹駅,https://mb.jorudan.co.jp//os/bus/1309/stop/49726.html,
error,None,None,None,None,76,関東バス,中１２－２,中野駅～江古田駅,江古田駅方面,中野駅方面,江古田駅,https://mb.jorudan.co.jp//os/bus/1308/stop/48661.html,
error,None,None,None,None,77,関東バス,中２４,中村橋駅～中野駅,中野駅方面,中村橋駅方面,中野駅,https://mb.jorudan.co.jp//os/bus/1308/stop/48625.html,
error,None,None,None,None,78,関東バス,中２４－１,丸山営業所～中村橋駅,中村橋駅方面,丸山営業所方面,中村橋駅,https://mb.jorudan.co.jp//os/bus/1308/stop/48381.html,
error,None,None,None,None,79,関東バス,中２７－２,丸山営業所～江古田の森,江古田の森方面,丸山営業所方面,江古田の森,https://mb.jorudan.co.jp//os/bus/1308/stop/48634.html,
error,None,None,None,None,80,関東バス,中４３－１,江古田駅～丸山営業所,丸山営業所方面,江古田駅方面,丸山営業所,https://mb.jorudan.co.jp//os/bus/1308/stop/48729.html,
error,None,None,None,None,81,関東バス,吉５２－３,武蔵野営業所～電通裏,電通裏方面,武蔵野営業所方面,電通裏,https://mb.jorudan.co.jp//os/bus/1308/stop/48557.html,
error,None,None,None,None,82,関東バス,吉５４－１,武蔵野市役所～武蔵野営業所,武蔵野営業所方面,武蔵野市役所方面,武蔵野営業所,https://mb.jorudan.co.jp//os/bus/1308/stop/48677.html,
error,None,None,None,None,83,関東バス,吉７２,桜堤団地～吉祥寺駅北口,吉祥寺駅北口方面,桜堤団地方面,吉祥寺駅北口,https://mb.jorudan.co.jp//os/bus/1308/stop/48579.html,
error,None,None,None,None,84,関東バス,吉７２－２,武蔵野営業所～桜堤団地,桜堤団地方面,武蔵野営業所方面,桜堤団地,https://mb.jorudan.co.jp//os/bus/1308/stop/48768.html,
error,None,None,None,None,85,関東バス,境１２－２,武蔵野営業所～向台町五丁目,向台町五丁目方面,武蔵野営業所方面,向台町五丁目,https://mb.jorudan.co.jp//os/bus/1308/stop/48492.html,
error,None,None,None,None,86,関東バス,境１７－２,武蔵野営業所～武蔵境駅,武蔵境駅方面,武蔵野営業所方面,武蔵境駅,https://mb.jorudan.co.jp//os/bus/1308/stop/48871.html,
error,None,None,None,None,87,関東バス,宿０１,新宿駅西口～小滝橋,新宿西口方面,小滝橋方面,小滝橋,https://mb.jorudan.co.jp//os/bus/1308/stop/173827.html,
error,None,None,None,None,88,関東バス,武蔵野営業所～関前西公園,武蔵野営業所～関前西公園,関前西公園方面,武蔵野営業所方面,関前西公園,https://mb.jorudan.co.jp//os/bus/1308/stop/48406.html,
error,None,None,None,None,89,関東バス,練２１,練馬駅～練馬区役所東,練馬駅方面,練馬駅方面,練馬駅,https://mb.jorudan.co.jp//os/bus/1308/stop/48484.html,
error,None,None,None,None,90,関東バス,花２１：小金井公園～花小金井,小金井公園東口～花小金井駅南口,花小金井駅南口方面,小金井公園東口方面,花小金井駅南口,https://mb.jorudan.co.jp//os/bus/1308/stop/48643.html,
error,None,None,None,None,91,関東バス,若宮大和町循環,白鷺一丁目～白鷺一丁目第４アパート,白鷺一丁目方面,白鷺一丁目方面,白鷺一丁目,https://mb.jorudan.co.jp//os/bus/1308/stop/48487.html,
error,None,None,None,None,92,関東バス,荻３０,荻窪駅北口～青梅街道営業所,青梅街道営業所方面,荻窪駅北口方面,青梅街道営業所,https://mb.jorudan.co.jp//os/bus/1308/stop/48769.html,
error,None,None,None,None,93,関東バス,荻５３,荻窪駅南口～五日市街道営業所,五日市街道営業所方面,荻窪駅南口方面,五日市街道営業所,https://mb.jorudan.co.jp//os/bus/1308/stop/48680.html,
error,None,None,None,None,94,関東バス,荻６０－１／荻６０,五日市街道営業所～荻窪駅南口,荻窪駅南口方面,五日市街道営業所方面,荻窪駅南口,https://mb.jorudan.co.jp//os/bus/1308/stop/48434.html,
error,None,None,None,None,95,関東バス,荻６０：荻窪駅南～南荻窪二丁目,荻窪駅南口～南荻窪二丁目,南荻窪二丁目方面,荻窪駅南口方面,南荻窪二丁目,https://mb.jorudan.co.jp//os/bus/1308/stop/48631.html,
error,None,None,None,None,96,関東バス,阿０３,阿佐ヶ谷駅～阿佐谷北六丁目,阿佐ヶ谷駅方面,阿佐ヶ谷駅方面,阿佐ヶ谷駅,https://mb.jorudan.co.jp//os/bus/1308/stop/48849.html,
error,None,None,None,None,97,関東バス,高６０－１,練馬駅～高円寺駅南口,高円寺駅南口方面,練馬駅方面,高円寺駅南口,https://mb.jorudan.co.jp//os/bus/1308/stop/48763.html,
error,None,None,None,None,98,関東バス,鷹０２－１,立野橋～武蔵関駅,武蔵関駅方面,立野橋方面,武蔵関駅,https://mb.jorudan.co.jp//os/bus/1308/stop/48530.html,
error,None,None,None,None,99,関東バス,鷹１０,三鷹駅～武蔵野営業所,武蔵野営業所方面,三鷹駅方面,東急ストア,https://mb.jorudan.co.jp//os/bus/1308/stop/48635.html,
error,None,None,None,None,100,関東バス,鷹１０,三鷹駅～武蔵野営業所,三鷹駅方面,武蔵野営業所方面,武蔵野警察署前,https://mb.jorudan.co.jp//os/bus/1308/stop/48635.html,
error,None,None,None,None,101,関東バス,鷹３５－２,武蔵野営業所～ヴィーガーデン西東京,ヴィーガーデン西東京方面,武蔵野営業所方面,ヴィーガーデン西東京,https://mb.jorudan.co.jp//os/bus/1308/stop/48727.html,
error,None,None,None,None,102,関東バス,Ｋ０２,中野駅～井草一丁目,井草一丁目方面,中野駅方面,井草一丁目,https://mb.jorudan.co.jp//os/bus/1308/stop/48378.html,
error,None,None,None,None,103,西武バス,ひばりヶ丘駅～イオン東久留米,ひばりヶ丘駅～イオンモール東久留米,イオンモール東久留米方面,ひばりヶ丘駅方面,イオンモール東久留米,https://mb.jorudan.co.jp//os/bus/1306/stop/46053.html,
error,None,None,None,None,104,西武バス,ひばりヶ丘駅～田無駅：深夜,ひばりヶ丘駅～田無駅,田無駅方面,ひばりヶ丘駅方面,田無駅,https://mb.jorudan.co.jp//os/bus/1306/stop/45035.html,
error,None,None,None,None,105,西武バス,ひばり８３,ひばりが丘団地中央～ひばりヶ丘駅,ひばりヶ丘駅方面,ひばりが丘団地中央方面,ひばりヶ丘駅,https://mb.jorudan.co.jp//os/bus/1306/stop/45345.html,
error,None,None,None,None,106,西武バス,入市４０：準急,入間市駅～三井アウトレットパーク,三井アウトレットパーク方面,入間市駅方面,三井アウトレットパーク,https://mb.jorudan.co.jp//os/bus/1306/stop/46104.html,
error,None,None,None,None,107,西武バス,入市４１,入間市博物館～入間市駅,入間市駅方面,入間市博物館方面,入間市駅,https://mb.jorudan.co.jp//os/bus/1306/stop/45477.html,
error,None,None,None,None,108,西武バス,入市５１：準急,入間市駅～入間市博物館,入間市博物館方面,入間市駅方面,入間市博物館,https://mb.jorudan.co.jp//os/bus/1306/stop/45181.html,
error,None,None,None,None,109,西武バス,入市５３：準急,入間市駅～二本木地蔵前,二本木地蔵前方面,入間市駅方面,二本木地蔵前,https://mb.jorudan.co.jp//os/bus/1306/stop/46030.html,
error,None,None,None,None,110,西武バス,入市５４：準急,入間市駅～箱根ヶ崎駅,箱根ヶ崎駅方面,入間市駅方面,箱根ヶ崎駅,https://mb.jorudan.co.jp//os/bus/1306/stop/45426.html,
error,None,None,None,None,111,西武バス,入市６２,入間市駅～中村屋武蔵工場,中村屋武蔵工場方面,入間市駅方面,中村屋武蔵工場,https://mb.jorudan.co.jp//os/bus/1306/stop/237822.html,
error,None,None,None,None,112,西武バス,吉６０－４,吉祥寺駅～上石神井駅,吉祥寺駅方面,吉祥寺駅方面,吉祥寺駅,https://mb.jorudan.co.jp//os/bus/1306/stop/45606.html,
error,None,None,None,None,113,西武バス,吉６０－５,吉祥寺駅～立野橋,立野橋方面,吉祥寺駅方面,立野橋,https://mb.jorudan.co.jp//os/bus/1306/stop/46463.html,
error,None,None,None,None,114,西武バス,大泉学園駅～都民農園セコニック,大泉学園駅北口～都民農園セコニック,都民農園セコニック方面,大泉学園駅北口方面,都民農園セコニック,https://mb.jorudan.co.jp//os/bus/1306/stop/46349.html,
error,None,None,None,None,115,西武バス,大３０,大宮駅西口～ソニックシティ前,大宮駅西口方面,大宮駅西口方面,大宮駅西口,https://mb.jorudan.co.jp//os/bus/1306/stop/46549.html,
error,None,None,None,None,116,西武バス,大４１,大宮駅西口～水判土,水判土方面,大宮駅西口方面,水判土,https://mb.jorudan.co.jp//os/bus/1306/stop/46355.html,
error,None,None,None,None,117,西武バス,寺６４,国分寺駅北入口～小平警察署,国分寺駅北入口方面,国分寺駅北入口方面,国分寺駅北入口,https://mb.jorudan.co.jp//os/bus/1306/stop/45548.html,
error,None,None,None,None,118,西武バス,小手０３,箱根ヶ崎駅～小手指駅南口,小手指駅南口方面,箱根ヶ崎駅方面,小手指駅南口,https://mb.jorudan.co.jp//os/bus/1306/stop/46199.html,
error,None,None,None,None,119,西武バス,小手０６－１,小手指駅南口～内手,内手方面,小手指駅南口方面,内手,https://mb.jorudan.co.jp//os/bus/1306/stop/46073.html,
error,None,None,None,None,120,西武バス,小手０９－１,小手指駅南口～宮寺西,宮寺西方面,小手指駅南口方面,宮寺西,https://mb.jorudan.co.jp//os/bus/1306/stop/45033.html,
error,None,None,None,None,121,西武バス,川越１００,川越水上公園～川越水上公園,川越水上公園方面,川越駅西口方面,川越駅西口,https://mb.jorudan.co.jp//os/bus/1306/stop/45521.html,
error,None,None,None,None,122,西武バス,川越１００,川越水上公園～川越水上公園,川越水上公園方面,川越駅西口方面,本川越駅,https://mb.jorudan.co.jp//os/bus/1306/stop/45864.html,
error,None,None,None,None,123,西武バス,川越１００,川越水上公園～川越水上公園,川越水上公園方面,川越駅西口方面,川越水上公園,https://mb.jorudan.co.jp//os/bus/1306/stop/45513.html,
error,None,None,None,None,124,西武バス,所５８－２,中富～上福岡駅西口,上福岡駅西口方面,中富方面,上福岡駅西口,https://mb.jorudan.co.jp//os/bus/1306/stop/45808.html,
error,35.79489194,35.79489194,139.51358194444444西武バス,139.51358194444444西武バス,125,西武バス,所５９,所沢駅東口～エステシティ所沢,エステシティ所沢方面,所沢駅東口方面,東所沢駅,https://mb.jorudan.co.jp//os/bus/1306/stop/46542.html,
error,139.5113994,139.5113994,,,126,所５９,所沢駅東口～エステシティ所沢,エステシティ所沢方面,所沢駅東口方面,サクラタウン東,https://mb.jorudan.co.jp/os/bus/1306/stop/323727.html,35.79778778,
error,None,None,None,None,127,西武バス,新都１１,大宮駅西口～さいたま新都心駅西口,大宮駅西口方面,さいたま新都心駅西口方面,さいたま新都心駅西口,https://mb.jorudan.co.jp//os/bus/1306/stop/45276.html,
error,None,None,None,None,128,西武バス,朝２２－１,野火止坂上～朝霞台駅,朝霞台駅方面,野火止坂上方面,朝霞台駅,https://mb.jorudan.co.jp//os/bus/1306/stop/45017.html,
error,None,None,None,None,129,西武バス,朝３０,朝霞駅東口～新電元工業,新電元工業方面,朝霞駅東口方面,新電元工業,https://mb.jorudan.co.jp//os/bus/1306/stop/304308.html,
error,None,None,None,None,130,西武バス,朝３１,新電元工業～朝霞駅南口,朝霞駅南口方面,新電元工業方面,朝霞駅南口,https://mb.jorudan.co.jp//os/bus/1306/stop/45422.html,
error,None,None,None,None,131,西武バス,東大和３７,東大和市駅～イオンモールむさし村山,イオンモールむさし村山方面,東大和市駅方面,イオンモールむさし村山,https://mb.jorudan.co.jp//os/bus/1306/stop/234962.html,
error,None,None,None,None,132,西武バス,武蔵境駅～南沢五丁目：深夜,武蔵境駅～南沢五丁目,南沢五丁目方面,武蔵境駅方面,南沢五丁目,https://mb.jorudan.co.jp//os/bus/1306/stop/45248.html,
error,None,None,None,None,133,西武バス,武１４：花小金井駅入口経由,久留米西団地～武蔵小金井駅,武蔵小金井駅方面,久留米西団地方面,武蔵小金井駅,https://mb.jorudan.co.jp//os/bus/1306/stop/45055.html,
error,None,None,None,None,134,西武バス,武１４：花小金井駅経由,武蔵小金井駅～久留米西団地,久留米西団地方面,武蔵小金井駅方面,久留米西団地,https://mb.jorudan.co.jp//os/bus/1306/stop/45216.html,
error,None,None,None,None,135,西武バス,武２０－１,武蔵小金井駅～日立国際電気前,日立国際電気前方面,武蔵小金井駅方面,日立国際電気前,https://mb.jorudan.co.jp//os/bus/1306/stop/45087.html,
error,None,None,None,None,136,西武バス,泉３８－１,西武車庫前［練馬区］～長久保［練馬区］,長久保［練馬区］方面,西武車庫前［練馬区］方面,長久保［練馬区］,https://mb.jorudan.co.jp//os/bus/1306/stop/234960.html,
error,None,None,None,None,137,西武バス,泉３８－２,長久保［練馬区］～西武車庫前［練馬区］,西武車庫前［練馬区］方面,長久保［練馬区］方面,西武車庫前［練馬区］,https://mb.jorudan.co.jp//os/bus/1306/stop/225047.html,
error,None,None,None,None,138,西武バス,泉３８－３,大泉学園小学校入口～大泉学園駅北口,大泉学園駅北口方面,大泉学園小学校入口方面,大泉学園駅北口,https://mb.jorudan.co.jp//os/bus/1306/stop/45746.html,
error,None,None,None,None,139,西武バス,清瀬循環,清瀬駅南口～上宮,清瀬駅南口方面,清瀬駅南口方面,清瀬駅南口,https://mb.jorudan.co.jp//os/bus/1306/stop/45109.html,
error,None,None,None,None,140,西武バス,清６３－１：深夜,清瀬駅北口～新座営業所,新座営業所方面,清瀬駅北口方面,新座営業所,https://mb.jorudan.co.jp//os/bus/1306/stop/45271.html,
error,None,None,None,None,141,西武バス,狭山市駅西口～西武柏原ＮＴ,狭山市駅西口～西武柏原ニュータウン,西武柏原ニュータウン方面,狭山市駅西口方面,西武柏原ニュータウン,https://mb.jorudan.co.jp//os/bus/1306/stop/45798.html,
error,None,None,None,None,142,西武バス,狭山２９：狭山営業所～狭山市駅,狭山営業所～狭山市駅西口,狭山市駅西口方面,狭山営業所方面,狭山市駅西口,https://mb.jorudan.co.jp//os/bus/1306/stop/45095.html,
error,None,None,None,None,143,西武バス,石０１,石神井公園駅北口～三原台一丁目,石神井公園駅北口方面,石神井公園駅北口方面,石神井公園駅北口,https://mb.jorudan.co.jp//os/bus/1306/stop/46276.html,
error,None,None,None,None,144,西武バス,立川駅北口～東大和市駅：深夜,立川駅北口～東大和市駅,東大和市駅方面,立川駅北口方面,東大和市駅,https://mb.jorudan.co.jp//os/bus/1306/stop/45415.html,
error,None,None,None,None,145,西武バス,ｍ０２,メッツァ～メッツァ,メッツァ方面,東飯能駅東口方面,東飯能駅東口,https://mb.jorudan.co.jp//os/bus/1306/stop/45867.html,
error,None,None,None,None,146,西武バス,ｍ０２,メッツァ～メッツァ,メッツァ方面,東飯能駅東口方面,メッツァ,https://mb.jorudan.co.jp//os/bus/1306/stop/238590.html,
error,None,None,None,None,147,国際興業バス,下赤０３：右回り,高島平操車場～四葉町,高島平操車場方面,高島平操車場方面,高島平操車場,https://mb.jorudan.co.jp//os/bus/1307/stop/46882.html,
error,None,None,None,None,148,国際興業バス,与本０５：八王子先回り,与野本町駅～与野西中学校,与野本町駅方面,与野本町駅方面,与野本町駅,https://mb.jorudan.co.jp//os/bus/1307/stop/47947.html,
error,None,None,None,None,149,国際興業バス,光２０２,光が丘駅～光が丘ＩＭＡ,光が丘駅方面,光が丘駅方面,光が丘駅,https://mb.jorudan.co.jp//os/bus/1307/stop/47306.html,
error,None,None,None,None,150,国際興業バス,北朝０１－２,下宗岡四丁目～北朝霞駅,北朝霞駅方面,下宗岡四丁目方面,北朝霞駅,https://mb.jorudan.co.jp//os/bus/1307/stop/47780.html,
error,None,None,None,None,151,国際興業バス,北朝０１－３,北朝霞駅～下宗岡二丁目,下宗岡二丁目方面,北朝霞駅方面,下宗岡二丁目,https://mb.jorudan.co.jp//os/bus/1307/stop/47806.html,
error,None,None,None,None,152,国際興業バス,北浦５０－２,北浦和駅東口～上木崎,上木崎方面,北浦和駅東口方面,上木崎,https://mb.jorudan.co.jp//os/bus/1307/stop/46613.html,
error,None,None,None,None,153,国際興業バス,医大１１－２,高麗川駅～埼玉医大保健医療学部,埼玉医大保健医療学部方面,高麗川駅方面,埼玉医大保健医療学部,https://mb.jorudan.co.jp//os/bus/1307/stop/46911.html,
error,None,None,None,None,154,国際興業バス,医大１２－２,埼玉医大国際医療センター～高麗川駅,高麗川駅方面,埼玉医大国際医療センター方面,高麗川駅,https://mb.jorudan.co.jp//os/bus/1307/stop/47061.html,
error,None,None,None,None,155,国際興業バス,南浦５１,二十三夜坂下～南浦和駅東口,南浦和駅東口方面,二十三夜坂下方面,南浦和駅東口,https://mb.jorudan.co.jp//os/bus/1307/stop/47623.html,
error,None,None,None,None,156,国際興業バス,南浦５５－３,南浦和駅東口～牛田橋,牛田橋方面,南浦和駅東口方面,牛田橋,https://mb.jorudan.co.jp//os/bus/1307/stop/47399.html,
error,None,None,None,None,157,国際興業バス,南浦６０,南浦和駅東口～東川口駅南口,東川口駅南口方面,南浦和駅東口方面,東川口駅南口,https://mb.jorudan.co.jp//os/bus/1307/stop/46767.html,
error,None,None,None,None,158,国際興業バス,名栗０１,名栗車庫～名郷,名郷方面,名栗車庫方面,名郷,https://mb.jorudan.co.jp//os/bus/1307/stop/48365.html,
error,None,None,None,None,159,国際興業バス,名栗０２,名栗車庫～湯の沢［飯能市］,湯の沢［飯能市］方面,名栗車庫方面,湯の沢［飯能市］,https://mb.jorudan.co.jp//os/bus/1307/stop/234963.html,
error,None,None,None,None,160,国際興業バス,増１６－２,成増駅南口～三軒寺,三軒寺方面,成増駅南口方面,三軒寺,https://mb.jorudan.co.jp//os/bus/1307/stop/46605.html,
error,None,None,None,None,161,国際興業バス,増１９,成増駅北口～下新倉,下新倉方面,成増駅北口方面,下新倉,https://mb.jorudan.co.jp//os/bus/1307/stop/47350.html,
error,None,None,None,None,162,国際興業バス,大０２－４,大宮駅東口～浦和東高校,浦和東高校方面,大宮駅東口方面,浦和東高校,https://mb.jorudan.co.jp//os/bus/1307/stop/47506.html,
error,None,None,None,None,163,国際興業バス,大０５,日大前～大宮駅東口,大宮駅東口方面,日大前方面,大宮駅東口,https://mb.jorudan.co.jp//os/bus/1307/stop/47876.html,
error,None,None,None,None,164,国際興業バス,大０８,大宮駅東口～天沼町,天沼町方面,大宮駅東口方面,天沼町,https://mb.jorudan.co.jp//os/bus/1307/stop/47056.html,
error,None,None,None,None,165,国際興業バス,大１２－３,大宮駅東口～西浦,西浦方面,大宮駅東口方面,西浦,https://mb.jorudan.co.jp//os/bus/1307/stop/48331.html,
error,None,None,None,None,166,国際興業バス,大１４,大宮駅東口～深作中,深作中方面,大宮駅東口方面,深作中,https://mb.jorudan.co.jp//os/bus/1307/stop/48267.html,
error,None,None,None,None,167,国際興業バス,安８０,新井宿駅～戸塚安行駅,戸塚安行駅方面,新井宿駅方面,戸塚安行駅,https://mb.jorudan.co.jp//os/bus/1307/stop/46819.html,
error,None,None,None,None,168,国際興業バス,岩１１－２,東川口駅北口～岩槻駅,岩槻駅方面,東川口駅北口方面,岩槻駅,https://mb.jorudan.co.jp//os/bus/1307/stop/47122.html,
error,None,None,None,None,169,国際興業バス,岩１１－３Ｓ,岩槻駅～東川口駅北口,東川口駅北口方面,岩槻駅方面,東川口駅北口,https://mb.jorudan.co.jp//os/bus/1307/stop/48049.html,
error,None,None,None,None,170,国際興業バス,川０２,川口駅東口～中央道路,川口駅東口方面,川口駅東口方面,川口駅東口,https://mb.jorudan.co.jp//os/bus/1307/stop/46965.html,
error,None,None,None,None,171,国際興業バス,川０２－２,川口駅東口～東領家一丁目,東領家一丁目方面,川口駅東口方面,東領家一丁目,https://mb.jorudan.co.jp//os/bus/1307/stop/47225.html,
error,None,None,None,None,172,国際興業バス,川１３－２,川口駅東口～西沼,西沼方面,川口駅東口方面,西沼,https://mb.jorudan.co.jp//os/bus/1307/stop/46786.html,
error,None,None,None,None,173,国際興業バス,川１５－３,川口駅東口～皿沼不動,皿沼不動方面,川口駅東口方面,皿沼不動,https://mb.jorudan.co.jp//os/bus/1307/stop/47996.html,
error,None,None,None,None,174,国際興業バス,川２１－２,川口駅東口～領家市営住宅,領家市営住宅方面,川口駅東口方面,領家市営住宅,https://mb.jorudan.co.jp//os/bus/1307/stop/47739.html,
error,None,None,None,None,175,国際興業バス,川２４－１,川口駅東口～元郷五丁目南,元郷五丁目南方面,川口駅東口方面,元郷五丁目南,https://mb.jorudan.co.jp//os/bus/1307/stop/46838.html,
error,None,None,None,None,176,国際興業バス,川５０,川口駅西口～喜沢第一公園,川口駅西口方面,川口駅西口方面,川口駅西口,https://mb.jorudan.co.jp//os/bus/1307/stop/48375.html,
error,None,None,None,None,177,国際興業バス,志０１－３,新開入口～志木駅東口,志木駅東口方面,新開入口方面,志木駅東口,https://mb.jorudan.co.jp//os/bus/1307/stop/47189.html,
error,None,None,None,None,178,国際興業バス,志０５－２,志木駅東口～下宗岡三丁目,下宗岡三丁目方面,志木駅東口方面,下宗岡三丁目,https://mb.jorudan.co.jp//os/bus/1307/stop/48229.html,
error,None,None,None,None,179,国際興業バス,東大０２：ファミリーＴ先回り,東大宮駅～春岡三丁目,東大宮駅方面,東大宮駅方面,東大宮駅,https://mb.jorudan.co.jp//os/bus/1307/stop/47625.html,
error,None,None,None,None,180,国際興業バス,東川９１,東川口駅北口～目白大学,目白大学方面,東川口駅北口方面,目白大学,https://mb.jorudan.co.jp//os/bus/1307/stop/47981.html,
error,None,None,None,None,181,国際興業バス,東浦８０,原山～東浦和駅,東浦和駅方面,原山方面,東浦和駅,https://mb.jorudan.co.jp//os/bus/1307/stop/46641.html,
error,None,None,None,None,182,国際興業バス,東浦８０－２,東浦和駅～花月,花月方面,東浦和駅方面,花月,https://mb.jorudan.co.jp//os/bus/1307/stop/47570.html,
error,None,None,None,None,183,国際興業バス,東浦８２－２,東浦和駅～石神中,石神中方面,東浦和駅方面,石神中,https://mb.jorudan.co.jp//os/bus/1307/stop/48344.html,
error,None,None,None,None,184,国際興業バス,東練８０,西台一丁目～東武練馬駅,東武練馬駅方面,西台一丁目方面,東武練馬駅,https://mb.jorudan.co.jp//os/bus/1307/stop/46623.html,
error,None,None,None,None,185,国際興業バス,武浦０２－２,武蔵浦和駅西口～松本三丁目,松本三丁目方面,武蔵浦和駅西口方面,松本三丁目,https://mb.jorudan.co.jp//os/bus/1307/stop/47999.html,
error,None,None,None,None,186,国際興業バス,武浦０２－３,松本北～武蔵浦和駅西口,武蔵浦和駅西口方面,松本北方面,武蔵浦和駅西口,https://mb.jorudan.co.jp//os/bus/1307/stop/47736.html,
error,None,None,None,None,187,国際興業バス,池０２,池袋駅西口～要小学校,池袋駅西口方面,池袋駅西口方面,池袋駅西口,https://mb.jorudan.co.jp//os/bus/1307/stop/48367.html,
error,None,None,None,None,188,国際興業バス,池８０,池袋駅西口～池袋車庫,池袋車庫方面,池袋駅西口方面,池袋二又交番,https://mb.jorudan.co.jp//os/bus/1307/stop/48054.html,
error,None,None,None,None,189,国際興業バス,池８０,池袋駅西口～池袋車庫,池袋車庫方面,池袋駅西口方面,池袋二丁目,https://mb.jorudan.co.jp//os/bus/1307/stop/47768.html,
error,None,None,None,None,190,国際興業バス,池８０,池袋駅西口～池袋車庫,池袋車庫方面,池袋駅西口方面,要町駅,https://mb.jorudan.co.jp//os/bus/1307/stop/46832.html,
error,None,None,None,None,191,国際興業バス,池８０,池袋駅西口～池袋車庫,池袋車庫方面,池袋駅西口方面,池袋車庫,https://mb.jorudan.co.jp//os/bus/1307/stop/47414.html,
error,None,None,None,None,192,国際興業バス,浦０２Ｓ,浦和美園駅～浦和駅東口,浦和駅東口方面,浦和美園駅方面,浦和駅東口,https://mb.jorudan.co.jp//os/bus/1307/stop/46763.html,
error,None,None,None,None,193,国際興業バス,浦１３－２,浦和駅西口～下大久保,下大久保方面,浦和駅西口方面,下大久保,https://mb.jorudan.co.jp//os/bus/1307/stop/47373.html,
error,None,None,None,None,194,国際興業バス,浮舟８０,西台中学校～浮間舟渡駅,浮間舟渡駅方面,西台中学校方面,浮間舟渡駅,https://mb.jorudan.co.jp//os/bus/1307/stop/47840.html,
error,None,None,None,None,195,国際興業バス,王２３,王子駅～赤羽車庫,赤羽車庫方面,王子駅方面,赤羽車庫,https://mb.jorudan.co.jp//os/bus/1307/stop/47536.html,
error,None,None,None,None,196,国際興業バス,王２３－２,ＨＰＳＣ陸上門～王子駅,王子駅方面,ＨＰＳＣ陸上門方面,王子駅,https://mb.jorudan.co.jp//os/bus/1307/stop/47894.html,
error,None,None,None,None,197,国際興業バス,王５４－２,王子駅～上板橋駅前,上板橋駅前方面,王子駅方面,上板橋駅前,https://mb.jorudan.co.jp//os/bus/1307/stop/47333.html,
error,None,None,None,None,198,国際興業バス,石０２－２,石神井公園駅北口～成増駅南口,成増駅南口方面,石神井公園駅北口方面,成増駅南口,https://mb.jorudan.co.jp//os/bus/1307/stop/47548.html,
error,None,None,None,None,199,国際興業バス,石０３－２,石神井公園駅北口～練馬北町車庫,練馬北町車庫方面,石神井公園駅北口方面,練馬北町車庫,https://mb.jorudan.co.jp//os/bus/1307/stop/48179.html,
error,None,None,None,None,200,国際興業バス,美１００,しらこばと水上公園～しらこばと水上公園,しらこばと水上公園方面,浦和美園駅方面,浦和美園駅,https://mb.jorudan.co.jp//os/bus/1307/stop/47714.html,
error,None,None,None,None,201,国際興業バス,美１００,しらこばと水上公園～しらこばと水上公園,しらこばと水上公園方面,浦和美園駅方面,しらこばと水上公園,https://mb.jorudan.co.jp//os/bus/1307/stop/255602.html,
error,None,None,None,None,202,国際興業バス,蕨０１：上根橋先回り,蕨駅東口～網代橋,蕨駅東口方面,蕨駅東口方面,蕨駅東口,https://mb.jorudan.co.jp//os/bus/1307/stop/47396.html,
error,None,None,None,None,203,国際興業バス,蕨０５,蕨駅西口～蕨駅入口,蕨駅西口方面,蕨駅西口方面,蕨駅西口,https://mb.jorudan.co.jp//os/bus/1307/stop/47316.html,
error,None,None,None,None,204,国際興業バス,蕨０５－２,蕨駅西口～芝支所入口,芝支所入口方面,蕨駅西口方面,芝支所入口,https://mb.jorudan.co.jp//os/bus/1307/stop/46966.html,
error,None,None,None,None,205,国際興業バス,西川０５－２,西川口駅東口～朝日五丁目,朝日五丁目方面,西川口駅東口方面,朝日五丁目,https://mb.jorudan.co.jp//os/bus/1307/stop/46609.html,
error,None,None,None,None,206,国際興業バス,西川０５－３,南平福祉会館～西川口駅東口,西川口駅東口方面,南平福祉会館方面,西川口駅東口,https://mb.jorudan.co.jp//os/bus/1307/stop/48001.html,
error,None,None,None,None,207,国際興業バス,西川０７－２,西川口駅東口～伊刈消防署,伊刈消防署方面,西川口駅東口方面,伊刈消防署,https://mb.jorudan.co.jp//os/bus/1307/stop/47700.html,
error,None,None,None,None,208,国際興業バス,赤０１－２,練馬駅～赤羽駅西口,赤羽駅西口方面,練馬駅方面,赤羽駅西口,https://mb.jorudan.co.jp//os/bus/1307/stop/47419.html,
error,None,None,None,None,209,国際興業バス,赤１１,赤羽駅東口～南浦和駅西口,南浦和駅西口方面,赤羽駅東口方面,南浦和駅西口,https://mb.jorudan.co.jp//os/bus/1307/stop/47161.html,
error,None,None,None,None,210,国際興業バス,赤２０－２,川口元郷駅～川口市立医療センター,川口市立医療センター方面,川口元郷駅方面,川口市立医療センター,https://mb.jorudan.co.jp//os/bus/1307/stop/46947.html,
error,None,None,None,None,211,国際興業バス,赤２１：深夜,赤羽駅東口～鳩ヶ谷公団住宅,鳩ヶ谷公団住宅方面,赤羽駅東口方面,鳩ヶ谷公団住宅,https://mb.jorudan.co.jp//os/bus/1307/stop/46892.html,
error,None,None,None,None,212,国際興業バス,赤２５,赤羽駅東口～環七新田,赤羽駅東口方面,赤羽駅東口方面,赤羽駅東口,https://mb.jorudan.co.jp//os/bus/1307/stop/46835.html,
error,None,None,None,None,213,国際興業バス,赤２５－２,赤羽駅東口～ハートアイランド東,ハートアイランド東方面,赤羽駅東口方面,ハートアイランド東,https://mb.jorudan.co.jp//os/bus/1307/stop/46894.html,
error,None,None,None,None,214,国際興業バス,赤２７－３,赤羽駅東口～江北陸橋下,江北陸橋下方面,赤羽駅東口方面,江北陸橋下,https://mb.jorudan.co.jp//os/bus/1307/stop/47585.html,
error,None,None,None,None,215,国際興業バス,赤５７－２,赤羽駅西口～大和町,大和町方面,赤羽駅西口方面,大和町,https://mb.jorudan.co.jp//os/bus/1307/stop/46897.html,
error,None,None,None,None,216,国際興業バス,赤７２,赤羽駅西口～戸田公園駅西口,戸田公園駅西口方面,赤羽駅西口方面,戸田公園駅西口,https://mb.jorudan.co.jp//os/bus/1307/stop/48165.html,
error,None,None,None,None,217,国際興業バス,赤７３,赤羽駅西口～西高島平駅,西高島平駅方面,赤羽駅西口方面,西高島平駅,https://mb.jorudan.co.jp//os/bus/1307/stop/48278.html,
error,None,None,None,None,218,国際興業バス,飯１２－２,飯能駅～大鶴巣公園,飯能駅方面,飯能駅方面,飯能駅,https://mb.jorudan.co.jp//os/bus/1307/stop/48272.html,
error,None,None,None,None,219,国際興業バス,高０１－２,赤塚公園～成増駅北口,成増駅北口方面,赤塚公園方面,成増駅北口,https://mb.jorudan.co.jp//os/bus/1307/stop/47223.html,
error,None,None,None,None,220,京王バス,め８３,めじろ台駅～ゆりのき台,ゆりのき台方面,めじろ台駅方面,ゆりのき台,https://mb.jorudan.co.jp//os/bus/1305/stop/297614.html,
error,None,None,None,None,221,京王バス,丘２１：循環,つつじヶ丘駅北口～深大寺小学校,つつじヶ丘駅北口方面,つつじヶ丘駅北口方面,つつじヶ丘駅北口,https://mb.jorudan.co.jp//os/bus/1305/stop/44652.html,
error,None,None,None,None,222,京王バス,中０３,中河原駅～都営泉二丁目,都営泉二丁目方面,中河原駅方面,都営泉二丁目,https://mb.jorudan.co.jp//os/bus/1305/stop/297712.html,
error,None,None,None,None,223,京王バス,中９１：中野駅～総合体育館,中野駅北口～中野区立総合体育館,中野駅方面,中野区立総合体育館方面,北野神社前,https://mb.jorudan.co.jp//os/bus/1305/stop/44746.html,
error,None,None,None,None,224,京王バス,八０１,八幡山駅～上北沢公園,八幡山駅方面,八幡山駅方面,八幡山駅,https://mb.jorudan.co.jp//os/bus/1305/stop/44865.html,
error,None,None,None,None,225,京王バス,八０６,京王八王子駅～館ヶ丘団地,館ヶ丘団地方面,京王八王子駅方面,館ヶ丘団地,https://mb.jorudan.co.jp//os/bus/1305/stop/297541.html,
error,None,None,None,None,226,京王バス,八６６,由木折返場～八王子駅南口,八王子駅南口方面,由木折返場方面,八王子駅南口,https://mb.jorudan.co.jp//os/bus/1305/stop/297390.html,
error,None,None,None,None,227,京王バス,北０２,由木折返場～北野駅南口,北野駅南口方面,由木折返場方面,北野駅南口,https://mb.jorudan.co.jp//os/bus/1305/stop/297421.html,
error,None,None,None,None,228,京王バス,北０４,北野駅南口～南大沢駅,南大沢駅方面,北野駅南口方面,南大沢駅,https://mb.jorudan.co.jp//os/bus/1305/stop/297267.html,
error,None,None,None,None,229,京王バス,北０９,北野駅南口～京王堀之内駅,北野駅北口方面,京王堀之内駅方面,京王堀之内駅,https://mb.jorudan.co.jp//os/bus/1305/stop/297685.html,
error,None,None,None,None,230,京王バス,南６２：南大沢駅～水甫団地入口,南大沢駅～水甫団地入口,水甫団地入口方面,南大沢駅方面,水甫団地入口,https://mb.jorudan.co.jp//os/bus/1305/stop/297680.html,
error,None,None,None,None,231,京王バス,国０１,国立駅～府中営業所,府中営業所方面,国立駅方面,府中営業所,https://mb.jorudan.co.jp//os/bus/1305/stop/297917.html,
error,None,None,None,None,232,京王バス,多１３,中央大学～多摩センター駅,多摩センター駅方面,中央大学方面,多摩センター駅,https://mb.jorudan.co.jp//os/bus/1305/stop/297379.html,
error,None,None,None,None,233,京王バス,宿４１,富士高校～新宿駅西口,中野車庫方面,新宿駅西口方面,中央通り,https://mb.jorudan.co.jp//os/bus/1305/stop/44900.html,
error,None,None,None,None,234,京王バス,寺０１,寺田東～医療センター,医療センター方面,寺田東方面,医療センター,https://mb.jorudan.co.jp//os/bus/1305/stop/297682.html,
error,None,None,None,None,235,京王バス,山０２,高尾山口駅～高尾駅北口,高尾駅北口方面,高尾山口駅方面,高尾駅北口,https://mb.jorudan.co.jp//os/bus/1305/stop/297352.html,
error,None,None,None,None,236,京王バス,山０３,小仏～高尾山口駅,高尾山口駅方面,小仏方面,高尾山口駅,https://mb.jorudan.co.jp//os/bus/1305/stop/297244.html,
error,None,None,None,None,237,京王バス,平０４,由木折返場～平山城址公園駅,平山城址公園駅方面,由木折返場方面,平山城址公園駅,https://mb.jorudan.co.jp//os/bus/1305/stop/297430.html,
error,None,None,None,None,238,京王バス,府４２,府中駅～ハローワーク府中,府中駅方面,府中駅方面,府中駅,https://mb.jorudan.co.jp//os/bus/1305/stop/297422.html,
error,None,None,None,None,239,京王バス,府４２,府中駅～ハローワーク府中,府中駅方面,横街道方面,横街道,https://mb.jorudan.co.jp//os/bus/1305/stop/297422.html,
error,None,None,None,None,240,京王バス,桜０８,都営泉二丁目～聖蹟桜ヶ丘駅,聖蹟桜ヶ丘駅方面,都営泉二丁目方面,聖蹟桜ヶ丘駅,https://mb.jorudan.co.jp//os/bus/1305/stop/297228.html,
error,None,None,None,None,241,京王バス,武９３,武蔵小金井駅南口～調布駅北口,調布駅北口方面,武蔵小金井駅南口方面,調布駅北口,https://mb.jorudan.co.jp//os/bus/1305/stop/44557.html,
error,None,None,None,None,242,京王バス,永１２,永山駅～諏訪三丁目,永山駅方面,永山駅方面,永山駅,https://mb.jorudan.co.jp//os/bus/1305/stop/297369.html,
error,None,None,None,None,243,京王バス,渋６８,渋谷駅～大原一丁目,大原一丁目方面,渋谷駅方面,大原一丁目,https://mb.jorudan.co.jp//os/bus/1305/stop/44870.html,
error,None,None,None,None,244,京王バス,稲１３：長峰循環夕廻り,稲城駅～長峰小学校南,稲城駅方面,稲城駅方面,稲城駅,https://mb.jorudan.co.jp//os/bus/1305/stop/297233.html,
error,None,None,None,None,245,京王バス,西国４４,府中駅～西国分寺駅,西国分寺駅方面,府中駅方面,西国分寺駅,https://mb.jorudan.co.jp//os/bus/1305/stop/297522.html,
error,None,None,None,None,246,京王バス,調４５,調布駅南口～京王多摩川駅入口,調布駅南口方面,調布駅南口方面,調布駅南口,https://mb.jorudan.co.jp//os/bus/1305/stop/44584.html,
error,None,None,None,None,247,京王バス,飛０１,飛田給駅北口～味の素スタジアム南,飛田給駅北口方面,飛田給駅北口方面,飛田給駅北口,https://mb.jorudan.co.jp//os/bus/1305/stop/44717.html,
error,None,None,None,None,248,京王バス,高幡２５,高幡不動駅～三沢台下,三沢台下方面,高幡不動駅方面,三沢台下,https://mb.jorudan.co.jp//os/bus/1305/stop/297534.html,
error,None,None,None,None,249,京王バス,ＷＥバス：新宿御苑ルート,新宿南口交通ターミナル～新宿駅西口［京王百貨店］,新宿南口交通ターミナル方面,新宿南口交通ターミナル方面,新宿南口交通ターミナル,https://mb.jorudan.co.jp//os/bus/1305/stop/178507.html,
error,None,None,None,None,250,京王バス,ＷＥバス：新宿御苑ルート,新宿南口交通ターミナル～新宿駅西口［京王百貨店］,新宿南口交通ターミナル方面,新宿南口交通ターミナル方面,新宿駅西口［京王百貨店］,https://mb.jorudan.co.jp//os/bus/1305/stop/178507.html,
error,None,None,None,None,251,京王バス,ＷＥバス：歌舞伎町ルート,ホテルグレイスリー新宿～歌舞伎町,ホテルグレイスリー新宿方面,ホテルグレイスリー新宿方面,ホテルグレイスリー新宿,https://mb.jorudan.co.jp//os/bus/1305/stop/173824.html,
error,None,None,None,None,252,京王バス,ＷＥバス：歌舞伎町ルート,ホテルグレイスリー新宿～歌舞伎町,ホテルグレイスリー新宿方面,ホテルグレイスリー新宿方面,新宿駅西口［小田急百貨店］,https://mb.jorudan.co.jp//os/bus/1305/stop/173823.html,
error,None,None,None,None,253,京王バス,ＷＥバス：歌舞伎町ルート,ホテルグレイスリー新宿～歌舞伎町,ホテルグレイスリー新宿方面,ホテルグレイスリー新宿方面,新宿ワシントンホテル前,https://mb.jorudan.co.jp//os/bus/1305/stop/44807.html,
error,None,None,None,None,254,京王バス,ＷＥバス：歌舞伎町ルート,ホテルグレイスリー新宿～歌舞伎町,ホテルグレイスリー新宿方面,ホテルグレイスリー新宿方面,パークハイアット東京前,https://mb.jorudan.co.jp//os/bus/1305/stop/44863.html,
error,None,None,None,None,255,京王バス,ＷＥバス：歌舞伎町ルート,ホテルグレイスリー新宿～歌舞伎町,ホテルグレイスリー新宿方面,ホテルグレイスリー新宿方面,西参道,https://mb.jorudan.co.jp//os/bus/1305/stop/44668.html,
error,None,None,None,None,256,京王バス,ＷＥバス：歌舞伎町ルート,ホテルグレイスリー新宿～歌舞伎町,ホテルグレイスリー新宿方面,ホテルグレイスリー新宿方面,プレッソイン新宿前,https://mb.jorudan.co.jp//os/bus/1305/stop/44971.html,
error,None,None,None,None,257,京王バス,ＷＥバス：歌舞伎町ルート,ホテルグレイスリー新宿～歌舞伎町,ホテルグレイスリー新宿方面,ホテルグレイスリー新宿方面,新宿ワシントンホテル新館,https://mb.jorudan.co.jp//os/bus/1305/stop/44923.html,
error,None,None,None,None,258,京王バス,ＷＥバス：歌舞伎町ルート,ホテルグレイスリー新宿～歌舞伎町,ホテルグレイスリー新宿方面,ホテルグレイスリー新宿方面,歌舞伎町,https://mb.jorudan.co.jp//os/bus/1305/stop/173826.html,
error,None,None,None,None,259,京王バス,ＷＥバス：西ルート入庫,新宿駅西口［小田急百貨店］～ハイアットリージェンシー東京前,ハイアットリージェンシー東京前方面,新宿駅西口［小田急百貨店］方面,ハイアットリージェンシー東京前,https://mb.jorudan.co.jp//os/bus/1305/stop/44784.html,
error,None,None,None,None,260,京王電鉄バス,八５７,八王子駅北口～日野台,日野台方面,八王子駅北口方面,日野台,https://mb.jorudan.co.jp//os/bus/1317/stop/52791.html,
error,None,None,None,None,261,京王電鉄バス,分５３,日野駅～分倍河原駅［府中市片町］,分倍河原駅［府中市片町］方面,日野駅方面,分倍河原駅［府中市片町］,https://mb.jorudan.co.jp//os/bus/1317/stop/228432.html,
error,None,None,None,None,262,京王電鉄バス,日野駅～日野自動車前,日野駅～日野自動車前,日野自動車前方面,日野駅方面,日野自動車前,https://mb.jorudan.co.jp//os/bus/1317/stop/52709.html,
error,None,None,None,None,263,京王電鉄バス,東０１,東小金井駅～梶野町三丁目,東小金井駅方面,東小金井駅方面,東小金井駅,https://mb.jorudan.co.jp//os/bus/1317/stop/318220.html,
error,None,None,None,None,264,京王電鉄バス,豊５５,大和田坂下～豊田駅北口,豊田駅北口方面,大和田坂下方面,豊田駅北口,https://mb.jorudan.co.jp//os/bus/1317/stop/52758.html,
error,None,None,None,None,265,京急バス,三１４,長井～三戸海岸,三戸海岸方面,長井方面,三戸海岸,https://mb.jorudan.co.jp//os/bus/1310/stop/50023.html,
error,None,None,None,None,266,京急バス,三１５,引橋～宮田,宮田方面,引橋方面,宮田,https://mb.jorudan.co.jp//os/bus/1310/stop/50191.html,
error,None,None,None,None,267,京急バス,三５５,三崎東岡～ソレイユの丘,ソレイユの丘方面,三崎東岡方面,ソレイユの丘,https://mb.jorudan.co.jp//os/bus/1310/stop/49942.html,
error,None,None,None,None,268,京急バス,三６２,浜諸磯～三崎口駅,三崎口駅方面,浜諸磯方面,三崎口駅,https://mb.jorudan.co.jp//os/bus/1310/stop/49987.html,
error,None,None,None,None,269,京急バス,上５,上大岡駅～杉田［４・１１０系統］,杉田［４・１１０系統］方面,上大岡駅方面,杉田［４・１１０系統］,https://mb.jorudan.co.jp//os/bus/1310/stop/226696.html,
error,None,None,None,None,270,京急バス,上７,上大岡駅～広町,上大岡駅方面,上大岡駅方面,上大岡駅,https://mb.jorudan.co.jp//os/bus/1310/stop/226301.html,
error,None,None,None,None,271,京急バス,六１,六浦駅～六浦南五丁目,六浦駅方面,六浦駅方面,六浦駅,https://mb.jorudan.co.jp//os/bus/1310/stop/226600.html,
error,None,None,None,None,272,京急バス,六２,六浦駅～エステシティ３号棟,エステシティ３号棟方面,六浦駅方面,エステシティ３号棟,https://mb.jorudan.co.jp//os/bus/1310/stop/226310.html,
error,None,None,None,None,273,京急バス,六４,六浦駅～六浦南五丁目,六浦南五丁目方面,六浦駅方面,六浦南五丁目,https://mb.jorudan.co.jp//os/bus/1310/stop/226675.html,
error,None,None,None,None,274,京急バス,北久１２,ＪＲ久里浜駅［４番のりば］～北久里浜駅,ＪＲ久里浜駅方面,北久里浜駅方面,北久里浜駅,https://mb.jorudan.co.jp//os/bus/1310/stop/49850.html,
error,None,None,None,None,275,京急バス,北久１５,北久里浜駅～ＪＲ久里浜駅,ＪＲ久里浜駅方面,北久里浜駅方面,ＪＲ久里浜駅,https://mb.jorudan.co.jp//os/bus/1310/stop/49850.html,
error,None,None,None,None,276,京急バス,富６,京急富岡駅～駐在所前［横浜市］,京急富岡駅方面,京急富岡駅方面,京急富岡駅,https://mb.jorudan.co.jp//os/bus/1310/stop/226565.html,
error,None,None,None,None,277,京急バス,文１０,金沢文庫駅西口～高舟台,金沢文庫駅西口方面,金沢文庫駅西口方面,金沢文庫駅西口,https://mb.jorudan.co.jp//os/bus/1310/stop/226639.html,
error,35.32795472,35.32795472,139.6299728,139.6299728,278,京急バス,文１５,金沢文庫駅～追浜車庫,追浜車庫方面,金沢文庫駅方面,帰帆橋,https://mb.jorudan.co.jp//os/bus/1310/stop/226661.html,
error,35.32659194,35.32659194,139.6315658,139.6315658,279,京急バス,文１５,金沢文庫駅～追浜車庫,追浜車庫方面,金沢文庫駅方面,染王寺,https://mb.jorudan.co.jp//os/bus/1310/stop/226469.html,
error,35.32795472,35.32795472,139.6299728,139.6299728,280,京急バス,文１５,金沢文庫駅～追浜車庫,金沢文庫駅方面,追浜車庫方面,室ノ木,https://mb.jorudan.co.jp//os/bus/1310/stop/226661.html,
error,35.32659194,35.32659194,139.6315658,139.6315658,281,京急バス,文１５,金沢文庫駅～追浜車庫,金沢文庫駅方面,追浜車庫方面,追浜住宅入口,https://mb.jorudan.co.jp//os/bus/1310/stop/226469.html,
error,None,None,None,None,282,京急バス,文１７,金沢文庫駅～印刷団地,金沢文庫駅方面,金沢文庫駅方面,金沢文庫駅,https://mb.jorudan.co.jp//os/bus/1310/stop/226650.html,
error,None,None,None,None,283,京急バス,文３,金沢文庫駅西口～パークタウン入口,パークタウン入口方面,金沢文庫駅西口方面,パークタウン入口,https://mb.jorudan.co.jp//os/bus/1310/stop/226564.html,
error,None,None,None,None,284,京急バス,森１１,大森駅～羽田空港第２ターミナル,羽田空港第２ターミナル方面,大森駅方面,羽田空港第２ターミナル,https://mb.jorudan.co.jp//os/bus/1310/stop/49816.html,
error,None,None,None,None,285,京急バス,洋２,能見台センター～洋光台駅,洋光台駅方面,能見台センター方面,洋光台駅,https://mb.jorudan.co.jp//os/bus/1310/stop/226363.html,
error,None,None,None,None,286,京急バス,空７１,羽田空港第１ターミナル～羽田車庫,羽田車庫方面,羽田空港第１ターミナル方面,羽田車庫,https://mb.jorudan.co.jp//os/bus/1310/stop/50034.html,
error,None,None,None,None,287,京急バス,空７１：空港内循環,羽田空港第１ターミナル～羽田空港第２ターミナル,羽田空港第１ターミナル方面,羽田空港第１ターミナル方面,羽田空港第１ターミナル,https://mb.jorudan.co.jp//os/bus/1310/stop/49991.html,
error,None,None,None,None,288,京急バス,能３,能見台駅～氷取沢公園下,能見台駅方面,能見台駅方面,能見台駅,https://mb.jorudan.co.jp//os/bus/1310/stop/226408.html,
error,None,None,None,None,289,京急バス,能５１,能見台駅～片吹公園西口,片吹公園西口方面,能見台駅方面,片吹公園西口,https://mb.jorudan.co.jp//os/bus/1310/stop/226574.html,
error,None,None,None,None,290,京急バス,船３,大船駅～深沢［県道側］,大船駅方面,大船駅方面,大船駅,https://mb.jorudan.co.jp//os/bus/1310/stop/226510.html,
error,None,None,None,None,291,京急バス,衣１１,光の丘５番～衣笠十字路,衣笠十字路方面,光の丘５番方面,衣笠十字路,https://mb.jorudan.co.jp//os/bus/1310/stop/49979.html,
error,None,None,None,None,292,京急バス,衣２５,衣笠駅～中学正門前,衣笠駅方面,衣笠駅方面,衣笠駅,https://mb.jorudan.co.jp//os/bus/1310/stop/50258.html,
error,None,None,None,None,293,京急バス,追３４,安浦二丁目～追浜駅,追浜駅方面,安浦二丁目方面,追浜駅,https://mb.jorudan.co.jp//os/bus/1310/stop/226660.html,
error,None,None,None,None,294,京急バス,追８,追浜駅～日産研究所,日産研究所方面,追浜駅方面,日産研究所,https://mb.jorudan.co.jp//os/bus/1310/stop/226387.html,
error,None,None,None,None,295,京急バス,逗１０,逗子駅～逗子郵便局,逗子駅方面,逗子駅方面,逗子駅,https://mb.jorudan.co.jp//os/bus/1310/stop/49819.html,
error,35.2232175,35.2232175,139.6099028,139.6099028,296,京急バス,逗７,逗子駅～佐島マリーナ入口,佐島マリーナ入口方面,逗子駅方面,佐島港前,https://mb.jorudan.co.jp//os/bus/1310/stop/50011.html,
error,35.2232175,35.2232175,139.6099028,139.6099028,297,京急バス,逗７,逗子駅～佐島マリーナ入口,逗子駅方面,佐島マリーナ入口方面,佐島一丁目,https://mb.jorudan.co.jp//os/bus/1310/stop/50011.html,
error,None,None,None,None,298,京急バス,鎌１１,鎌倉駅～病院前［鎌倉市］,鎌倉駅方面,鎌倉駅方面,鎌倉駅,https://mb.jorudan.co.jp//os/bus/1310/stop/226522.html,
error,None,None,None,None,299,京急バス,鎌５０,鎌倉市役所前～山の上ロータリー,山の上ロータリー方面,鎌倉市役所前方面,山の上ロータリー,https://mb.jorudan.co.jp//os/bus/1310/stop/226309.html,
error,None,None,None,None,300,京急バス,鎌５１,鎌倉市役所前～鎌倉中央公園,鎌倉駅西口方面,鎌倉中央公園方面,鎌倉中央公園,https://mb.jorudan.co.jp//os/bus/1310/stop/226652.html,
error,None,None,None,None,301,京急バス,須２５,観音崎～横須賀駅,横須賀駅方面,観音崎方面,横須賀駅,https://mb.jorudan.co.jp//os/bus/1310/stop/50075.html,
error,None,None,None,None,302,京成バス,イオンモール船橋シャトルバス,イオンモール船橋～柏井町一丁目,イオンモール船橋方面,イオンモール船橋方面,イオンモール船橋,https://mb.jorudan.co.jp//os/bus/1304/stop/258443.html,
error,None,None,None,None,303,京成バス,イオン３１,イオンモール幕張新都心ＦＭ前～幕張本郷駅,幕張本郷駅方面,イオンモール幕張新都心ＦＭ前方面,幕張本郷駅,https://mb.jorudan.co.jp//os/bus/1304/stop/44062.html,
error,None,None,None,None,304,京成バス,イオン３４,幕張本郷駅～イオンモール幕張新都心蔦屋前,イオンモール幕張新都心蔦屋前方面,幕張本郷駅方面,イオンモール幕張新都心蔦屋前,https://mb.jorudan.co.jp//os/bus/1304/stop/188144.html,
error,None,None,None,None,305,京成バス,イオン３６,幕張本郷駅～イオンモール幕張新都心ＦＭ前,イオンモール幕張新都心ＦＭ前方面,幕張本郷駅方面,イオンモール幕張新都心ＦＭ前,https://mb.jorudan.co.jp//os/bus/1304/stop/188149.html,
error,None,None,None,None,306,京成バス,イオン６３,イオンモール幕張新都心ＦＭ前～海浜幕張駅,海浜幕張駅方面,イオンモール幕張新都心ＦＭ前方面,海浜幕張駅,https://mb.jorudan.co.jp//os/bus/1304/stop/43915.html,
error,None,None,None,None,307,京成バス,ポケットバス海５３,ＺＯＺＯマリンスタジアム～京成幕張駅,京成幕張駅方面,ＺＯＺＯマリンスタジアム方面,京成幕張駅,https://mb.jorudan.co.jp//os/bus/1304/stop/43900.html,
error,None,None,None,None,308,京成バス,ポケットバス海６２,海浜幕張駅～新都心営業所,新都心営業所方面,海浜幕張駅方面,新都心営業所,https://mb.jorudan.co.jp//os/bus/1304/stop/44440.html,
error,None,None,None,None,309,京成バス,八千１０,いきいきプラザ～八千代台駅,八千代台駅方面,いきいきプラザ方面,八千代台駅,https://mb.jorudan.co.jp//os/bus/1304/stop/43803.html,
error,None,None,None,None,310,京成バス,八千１１,八千代台駅～いきいきプラザ,いきいきプラザ方面,八千代台駅方面,いきいきプラザ,https://mb.jorudan.co.jp//os/bus/1304/stop/44262.html,
error,None,None,None,None,311,京成バス,八千１３：北部循環線内回り,いきいきプラザ～草野車庫,草野車庫方面,いきいきプラザ方面,草野車庫,https://mb.jorudan.co.jp//os/bus/1304/stop/43823.html,
error,None,None,None,None,312,京成バス,冨貴島線市６２,市川駅～市川学園,市川学園方面,市川駅方面,市川学園,https://mb.jorudan.co.jp//os/bus/1304/stop/43631.html,
error,None,None,None,None,313,京成バス,国分線市４３,北国分駅～市川駅,市川駅方面,北国分駅方面,市川駅,https://mb.jorudan.co.jp//os/bus/1304/stop/44147.html,
error,None,None,None,None,314,京成バス,姫宮団地線本１１：深夜,本八幡駅～姫宮団地入口,姫宮団地入口方面,本八幡駅方面,姫宮団地入口,https://mb.jorudan.co.jp//os/bus/1304/stop/44021.html,
error,None,None,None,None,315,京成バス,宮野木小学校線稲１２：急行,草野車庫～稲毛駅,稲毛駅方面,草野車庫方面,稲毛駅,https://mb.jorudan.co.jp//os/bus/1304/stop/44184.html,
error,None,None,None,None,316,京成バス,屋敷線津６１,幕張西二丁目～津田沼駅［南口］,津田沼駅［南口］方面,幕張西二丁目方面,津田沼駅［南口］,https://mb.jorudan.co.jp//os/bus/1304/stop/229495.html,
error,None,None,None,None,317,京成バス,屋敷線津６２,津田沼駅［南口］～幕張西五丁目,幕張西五丁目方面,津田沼駅［南口］方面,幕張西五丁目,https://mb.jorudan.co.jp//os/bus/1304/stop/43633.html,
error,None,None,None,None,318,京成バス,東京情報大学線情０１,千葉駅～情報大正門,情報大正門方面,千葉駅方面,情報大正門,https://mb.jorudan.co.jp//os/bus/1304/stop/43531.html,
error,None,None,None,None,319,京成バス,松０４,八潮駅南口～松戸駅,松戸駅方面,八潮駅南口方面,松戸駅,https://mb.jorudan.co.jp//os/bus/1304/stop/43648.html,
error,None,None,None,None,320,京成バス,松７４：松戸営業所～南流山駅,松戸営業所～南流山駅南口,南流山駅南口方面,松戸営業所方面,南流山駅南口,https://mb.jorudan.co.jp//os/bus/1304/stop/178501.html,
error,None,None,None,None,321,京成バス,流０３,流山おおたかの森駅西口～流山駅,流山おおたかの森駅西口方面,流山おおたかの森駅西口方面,流山おおたかの森駅西口,https://mb.jorudan.co.jp//os/bus/1304/stop/44491.html,
error,None,None,None,None,322,京成バス,流１１,流山おおたかの森駅東口～平和台駅入口,平和台駅入口方面,流山おおたかの森駅東口方面,平和台駅入口,https://mb.jorudan.co.jp//os/bus/1304/stop/44211.html,
error,None,None,None,None,323,京成バス,細０２：外回り,新小岩駅東北広場～奥戸新橋,新小岩駅東北広場方面,新小岩駅東北広場方面,新小岩駅東北広場,https://mb.jorudan.co.jp//os/bus/1304/stop/44498.html,
error,None,None,None,None,324,京成バス,袖ヶ浦団地線津４６,津田沼駅［南口］～幕張メッセ中央,津田沼駅［南口］方面,幕張メッセ中央方面,幕張メッセ中央,https://mb.jorudan.co.jp//os/bus/1304/stop/229495.html,
error,None,None,None,None,325,京成バス,金０１,金町駅北口～三角広場,金町駅北口方面,金町駅北口方面,金町駅北口,https://mb.jorudan.co.jp//os/bus/1304/stop/43608.html,
error,None,None,None,None,326,京成バス,金６１：深夜,金町駅北口～戸ヶ崎操車場,戸ヶ崎操車場方面,金町駅北口方面,戸ヶ崎操車場,https://mb.jorudan.co.jp//os/bus/1304/stop/43703.html,
error,None,None,None,None,327,京成バス,金６３,金町駅～東金町三丁目,金町駅方面,金町駅方面,金町駅,https://mb.jorudan.co.jp//os/bus/1304/stop/44384.html,
error,None,None,None,None,328,京成バス,青０１,慈恵医大葛飾医療センター～京成青砥駅・ユアエルム青戸前,慈恵医大葛飾医療センター方面,慈恵医大葛飾医療センター方面,慈恵医大葛飾医療センター,https://mb.jorudan.co.jp//os/bus/1304/stop/43968.html,
error,None,None,None,None,329,京成バス,高塚線本３４,高塚～東松戸駅,東松戸駅方面,高塚方面,東松戸駅,https://mb.jorudan.co.jp//os/bus/1304/stop/43587.html,
error,None,None,None,None,330,京成バス,高塚線本３７,東松戸駅～医療センター入口,医療センター入口方面,東松戸駅方面,医療センター入口,https://mb.jorudan.co.jp//os/bus/1304/stop/43543.html,
error,None,None,None,None,331,京成タウンバス,金０２：深夜,金町駅南口～三郷駅南口,三郷駅南口方面,金町駅南口方面,三郷駅南口,https://mb.jorudan.co.jp//os/bus/1315/stop/52553.html,
error,None,None,None,None,332,東武バスセントラル,スカイツリーシャトル,東京スカイツリータウン～浅草寺・観音堂裏,東京スカイツリータウン方面,東京スカイツリータウン方面,東京スカイツリータウン,https://mb.jorudan.co.jp//os/bus/1311/stop/50720.html,
error,None,None,None,None,333,東武バスセントラル,三０７,新三郷駅～五街区,新三郷駅方面,新三郷駅方面,新三郷駅,https://mb.jorudan.co.jp//os/bus/1311/stop/50755.html,
error,None,None,None,None,334,東武バスセントラル,三０８－２,新三郷駅～パークフィールド東,新三郷駅方面,テラウエスト北方面,テラウエスト北,https://mb.jorudan.co.jp//os/bus/1311/stop/50755.html,
error,None,None,None,None,335,東武バスセントラル,八潮０１：八潮団地先回り,八潮駅北口～新町,八潮駅北口方面,八潮駅北口方面,八潮駅北口,https://mb.jorudan.co.jp//os/bus/1311/stop/50381.html,
error,None,None,None,None,336,東武バスセントラル,六１８,六町駅～花畑団地,花畑団地方面,六町駅方面,花畑団地,https://mb.jorudan.co.jp//os/bus/1311/stop/50447.html,
error,None,None,None,None,337,東武バスセントラル,北柏０１：ライフ中央先回り,北柏駅～北柏ライフタウン,北柏駅方面,北柏駅方面,北柏駅,https://mb.jorudan.co.jp//os/bus/1311/stop/310948.html,
error,None,None,None,None,338,東武バスセントラル,吉０６,吉川駅北口～吉川車庫,吉川車庫方面,吉川駅北口方面,吉川車庫,https://mb.jorudan.co.jp//os/bus/1311/stop/50897.html,
error,None,None,None,None,339,東武バスセントラル,吉０７,吉川車庫～吉川駅北口,吉川駅北口方面,吉川車庫方面,吉川駅北口,https://mb.jorudan.co.jp//os/bus/1311/stop/50413.html,
error,None,None,None,None,340,東武バスセントラル,新田３８,新田駅東口～柿木中央,新田駅東口方面,新田駅東口方面,新田駅東口,https://mb.jorudan.co.jp//os/bus/1311/stop/51063.html,
error,None,None,None,None,341,東武バスセントラル,有２６,亀有駅北口～葛飾車庫,葛飾車庫方面,亀有駅北口方面,葛飾車庫,https://mb.jorudan.co.jp//os/bus/1311/stop/50717.html,
error,None,None,None,None,342,東武バスセントラル,有２７,亀有駅北口～葛飾車庫入口,亀有駅北口方面,亀有駅北口方面,亀有駅北口,https://mb.jorudan.co.jp//os/bus/1311/stop/51089.html,
error,None,None,None,None,343,東武バスセントラル,有２９,亀有駅北口～六ツ木都住,六ツ木都住方面,亀有駅北口方面,六ツ木都住,https://mb.jorudan.co.jp//os/bus/1311/stop/50420.html,
error,None,None,None,None,344,東武バスセントラル,柏１２,柏駅西口～市立柏高校,市立柏高校方面,柏駅西口方面,市立柏高校,https://mb.jorudan.co.jp//os/bus/1311/stop/310978.html,
error,None,None,None,None,345,東武バスセントラル,柏１３：灰毛先回り,灰毛～柏たなか駅西口,柏たなか駅西口方面,灰毛方面,柏たなか駅西口,https://mb.jorudan.co.jp//os/bus/1311/stop/310903.html,
error,None,None,None,None,346,東武バスセントラル,流通０１,流通団地北～三郷中央駅,流通団地東方面,流通団地北方面,流通団地東,https://mb.jorudan.co.jp//os/bus/1311/stop/50909.html,
error,None,None,None,None,347,東武バスセントラル,流通０１,流通団地北～三郷中央駅,流通団地東方面,流通団地北方面,流通団地南,https://mb.jorudan.co.jp//os/bus/1311/stop/50909.html,
error,None,None,None,None,348,東武バスセントラル,深夜３１,王子駅～西新井駅西口,西新井駅西口方面,王子駅方面,西新井駅西口,https://mb.jorudan.co.jp//os/bus/1311/stop/50601.html,
error,None,None,None,None,349,東武バスセントラル,竹１０,竹の塚駅西口～竹の塚車庫,竹の塚車庫方面,竹の塚駅西口方面,竹の塚車庫,https://mb.jorudan.co.jp//os/bus/1311/stop/50873.html,
error,None,None,None,None,350,東武バスセントラル,綾２２,第五都営住宅～綾瀬駅,綾瀬駅方面,第五都営住宅方面,綾瀬駅,https://mb.jorudan.co.jp//os/bus/1311/stop/50419.html,
error,None,None,None,None,351,東武バスセントラル,綾３３,綾瀬駅～東和住区センター東,東和住区センター東方面,綾瀬駅方面,東和住区センター東,https://mb.jorudan.co.jp//os/bus/1311/stop/166290.html,
error,None,None,None,None,352,東武バスセントラル,綾３４,綾瀬駅～大谷田一丁目,大谷田一丁目方面,綾瀬駅方面,大谷田一丁目,https://mb.jorudan.co.jp//os/bus/1311/stop/50452.html,
error,None,None,None,None,353,東武バスセントラル,草加０２,草加駅東口～木曽根,木曽根方面,草加駅東口方面,木曽根,https://mb.jorudan.co.jp//os/bus/1311/stop/51147.html,
error,None,None,None,None,354,東武バスセントラル,草加１９,草加駅東口～手代町会館,草加駅東口方面,草加駅東口方面,草加駅東口,https://mb.jorudan.co.jp//os/bus/1311/stop/50906.html,
error,None,None,None,None,355,東武バスセントラル,草加２０,草加駅西口～清門西,清門西方面,草加駅西口方面,清門西,https://mb.jorudan.co.jp//os/bus/1311/stop/51148.html,
error,None,None,None,None,356,立川バス,イオン０１,箱根ヶ崎駅西口～イオンモール,イオンモール方面,箱根ヶ崎駅西口方面,イオンモール,https://mb.jorudan.co.jp//os/bus/1313/stop/52041.html,
error,None,None,None,None,357,立川バス,国２０－５,立川駅南口～国立駅南口,国立駅南口方面,立川駅南口方面,国立駅南口,https://mb.jorudan.co.jp//os/bus/1313/stop/51952.html,
error,None,None,None,None,358,立川バス,国２２,国立駅北口～鉄道総研,国立駅北口方面,国立駅北口方面,国立駅北口,https://mb.jorudan.co.jp//os/bus/1313/stop/51978.html,
error,None,None,None,None,359,立川バス,国２４－４,国立駅北口～並木町二丁目,並木町二丁目方面,国立駅北口方面,並木町二丁目,https://mb.jorudan.co.jp//os/bus/1313/stop/52072.html,
error,None,None,None,None,360,立川バス,国２９－２,国立駅北口～玉川上水駅南口,玉川上水駅南口方面,国立駅北口方面,玉川上水駅南口,https://mb.jorudan.co.jp//os/bus/1313/stop/52224.html,
error,None,None,None,None,361,立川バス,寺５０,上水営業所～国分寺駅北口,国分寺駅北口方面,上水営業所方面,国分寺駅北口,https://mb.jorudan.co.jp//os/bus/1313/stop/52080.html,
error,None,None,None,None,362,立川バス,拝１１,拝島駅～松原,拝島駅方面,拝島駅方面,拝島駅,https://mb.jorudan.co.jp//os/bus/1313/stop/51933.html,
error,None,None,None,None,363,立川バス,拝１２－２：拝島営業所行,拝島駅～拝島操車場,拝島操車場方面,拝島駅方面,拝島操車場,https://mb.jorudan.co.jp//os/bus/1313/stop/234214.html,
error,None,None,None,None,364,立川バス,拝１９,拝島駅～福生営業所,福生営業所方面,拝島駅方面,福生営業所,https://mb.jorudan.co.jp//os/bus/1313/stop/320317.html,
error,None,None,None,None,365,立川バス,昭１１,拝島駅～昭島駅南口,昭島駅南口方面,拝島駅方面,昭島駅南口,https://mb.jorudan.co.jp//os/bus/1313/stop/52259.html,
error,None,None,None,None,366,立川バス,昭１３,昭島駅南口～松中団地操車場,松中団地操車場方面,昭島駅南口方面,松中団地操車場,https://mb.jorudan.co.jp//os/bus/1313/stop/52083.html,
error,None,None,None,None,367,立川バス,昭１７,昭島駅南口～西砂川,西砂川方面,昭島駅南口方面,西砂川,https://mb.jorudan.co.jp//os/bus/1313/stop/52109.html,
error,None,None,None,None,368,立川バス,東中０１,西武蔵野～東中神駅北口,東中神駅北口方面,西武蔵野方面,東中神駅北口,https://mb.jorudan.co.jp//os/bus/1313/stop/198929.html,
error,None,None,None,None,369,立川バス,玉１０,上水営業所～団地中央［村山団地］,玉川上水駅方面,上水営業所方面,玉川上水駅,https://mb.jorudan.co.jp//os/bus/1313/stop/52274.html,
error,None,None,None,None,370,立川バス,福１４,福生駅東口～羽村駅東口,羽村駅東口方面,福生駅東口方面,羽村駅東口,https://mb.jorudan.co.jp//os/bus/1313/stop/52107.html,
error,None,None,None,None,371,立川バス,福１５,福生営業所～箱根ヶ崎駅東口,箱根ヶ崎駅東口方面,福生営業所方面,箱根ヶ崎駅東口,https://mb.jorudan.co.jp//os/bus/1313/stop/52169.html,
error,None,None,None,None,372,立川バス,立１０－１,立川駅北口～岩蔵街道入口,岩蔵街道入口方面,立川駅北口方面,岩蔵街道入口,https://mb.jorudan.co.jp//os/bus/1313/stop/234193.html,
error,None,None,None,None,373,立川バス,立１０－２,岩蔵街道入口～立川駅北口,立川駅北口方面,岩蔵街道入口方面,立川駅北口,https://mb.jorudan.co.jp//os/bus/1313/stop/52329.html,
error,None,None,None,None,374,立川バス,立１９,立川駅北口～西武蔵野,西武蔵野方面,立川駅北口方面,西武蔵野,https://mb.jorudan.co.jp//os/bus/1313/stop/52184.html,
error,None,None,None,None,375,立川バス,立２２,立川駅北口～団地中央［村山団地］,立川駅北口方面,上水営業所方面,上水営業所,https://mb.jorudan.co.jp//os/bus/1313/stop/52329.html,
error,None,None,None,None,376,西東京バス,五３３,福生駅～小宮久保橋,福生駅方面,福生駅方面,福生駅,https://mb.jorudan.co.jp//os/bus/1312/stop/51726.html,
error,None,None,None,None,377,西東京バス,五３４,福生駅～秋川駅,秋川駅方面,福生駅方面,秋川駅,https://mb.jorudan.co.jp//os/bus/1312/stop/51186.html,
error,None,None,None,None,378,西東京バス,住０２,高尾駅北口～グリーンタウン高尾,グリーンタウン高尾方面,高尾駅北口方面,グリーンタウン高尾,https://mb.jorudan.co.jp//os/bus/1312/stop/51545.html,
error,None,None,None,None,379,西東京バス,元八１３,高尾駅北口～大久保,大久保方面,高尾駅北口方面,大久保,https://mb.jorudan.co.jp//os/bus/1312/stop/51887.html,
error,None,None,None,None,380,西東京バス,元八１５,高尾駅北口～馬込松木,馬込松木方面,高尾駅北口方面,馬込松木,https://mb.jorudan.co.jp//os/bus/1312/stop/51268.html,
error,None,None,None,None,381,西東京バス,大０５,大和田団地～八王子駅北口,八王子駅北口方面,大和田団地方面,八王子駅北口,https://mb.jorudan.co.jp//os/bus/1312/stop/51454.html,
error,None,None,None,None,382,西東京バス,奥１２：大菩薩峠東口経由,小菅の湯～奥多摩駅,奥多摩駅方面,小菅の湯方面,奥多摩駅,https://mb.jorudan.co.jp//os/bus/1312/stop/51409.html,
error,None,None,None,None,383,西東京バス,小０２,小作駅東口～末広二丁目西,小作駅東口方面,小作駅東口方面,小作駅東口,https://mb.jorudan.co.jp//os/bus/1312/stop/51806.html,
error,None,None,None,None,384,西東京バス,小１２,菅生高校～西東京バス青梅支所,西東京バス青梅支所方面,菅生高校方面,西東京バス青梅支所,https://mb.jorudan.co.jp//os/bus/1312/stop/321126.html,
error,None,None,None,None,385,西東京バス,川３０,桜木～上日向,上日向方面,桜木方面,上日向,https://mb.jorudan.co.jp//os/bus/1312/stop/51271.html,
error,None,None,None,None,386,西東京バス,川３１,桜木～清東橋,清東橋方面,桜木方面,清東橋,https://mb.jorudan.co.jp//os/bus/1312/stop/51195.html,
error,None,None,None,None,387,西東京バス,川３２,上日向～川井駅,川井駅方面,上日向方面,川井駅,https://mb.jorudan.co.jp//os/bus/1312/stop/51793.html,
error,None,None,None,None,388,西東京バス,工０２,工学院大学～京王八王子駅,京王八王子駅方面,工学院大学方面,京王八王子駅,https://mb.jorudan.co.jp//os/bus/1312/stop/51674.html,
error,None,None,None,None,389,西東京バス,市街地循環,京王八王子駅～明神町,八王子駅北口方面,京王八王子駅方面,三崎町［ＥＢＩＳＵＹＡ前］,https://mb.jorudan.co.jp//os/bus/1312/stop/310148.html,
error,None,None,None,None,390,西東京バス,市街地循環,京王八王子駅～明神町,八王子駅北口方面,京王八王子駅方面,寺町北,https://mb.jorudan.co.jp//os/bus/1312/stop/310153.html,
error,None,None,None,None,391,西東京バス,市街地循環,京王八王子駅～明神町,八王子駅北口方面,京王八王子駅方面,南町,https://mb.jorudan.co.jp//os/bus/1312/stop/310149.html,
error,None,None,None,None,392,西東京バス,市街地循環,京王八王子駅～明神町,八王子駅北口方面,京王八王子駅方面,みずき通り,https://mb.jorudan.co.jp//os/bus/1312/stop/310144.html,
error,None,None,None,None,393,西東京バス,市街地循環,京王八王子駅～明神町,八王子駅北口方面,京王八王子駅方面,いちょうホール北,https://mb.jorudan.co.jp//os/bus/1312/stop/310150.html,
error,None,None,None,None,394,西東京バス,市街地循環,京王八王子駅～明神町,八王子駅北口方面,京王八王子駅方面,妙薬寺,https://mb.jorudan.co.jp//os/bus/1312/stop/310146.html,
error,None,None,None,None,395,西東京バス,市街地循環,京王八王子駅～明神町,八王子駅北口方面,京王八王子駅方面,元横山町１丁目,https://mb.jorudan.co.jp//os/bus/1312/stop/310151.html,
error,None,None,None,None,396,西東京バス,市街地循環,京王八王子駅～明神町,八王子駅北口方面,京王八王子駅方面,沢淵,https://mb.jorudan.co.jp//os/bus/1312/stop/310152.html,
error,None,None,None,None,397,西東京バス,市街地循環,京王八王子駅～明神町,八王子駅北口方面,京王八王子駅方面,第五中学校前,https://mb.jorudan.co.jp//os/bus/1312/stop/310147.html,
error,None,None,None,None,398,西東京バス,市街地循環,京王八王子駅～明神町,八王子駅北口方面,京王八王子駅方面,明神町,https://mb.jorudan.co.jp//os/bus/1312/stop/51693.html,
error,None,None,None,None,399,西東京バス,急行：創価大学栄光門,八王子駅北口～創価大学栄光門,創価大学栄光門方面,八王子駅北口方面,創価大学栄光門,https://mb.jorudan.co.jp//os/bus/1312/stop/51824.html,
error,None,None,None,None,400,西東京バス,急行：東青梅駅前～河辺駅南口,東青梅駅前～河辺駅南口,河辺駅南口方面,東青梅駅前方面,河辺駅南口,https://mb.jorudan.co.jp//os/bus/1312/stop/51696.html,
error,None,None,None,None,401,西東京バス,急行：秋川駅～サマーランド,サマーランド～サマーランド,サマーランド方面,秋川駅方面,サマーランド,https://mb.jorudan.co.jp//os/bus/1312/stop/51401.html,
error,None,None,None,None,402,西東京バス,河１０,河辺駅北口～青梅看護専門学校,青梅看護専門学校方面,河辺駅北口方面,青梅看護専門学校,https://mb.jorudan.co.jp//os/bus/1312/stop/278008.html,
error,None,None,None,None,403,西東京バス,直通：八王子駅～工学院大学,八王子駅北口～工学院大学,京王八王子駅方面,工学院大学方面,工学院大学,https://mb.jorudan.co.jp//os/bus/1312/stop/51674.html,
error,None,None,None,None,404,西東京バス,長８１：西八王子駅経由,京王八王子駅～城山手,城山手方面,京王八王子駅方面,城山手,https://mb.jorudan.co.jp//os/bus/1312/stop/51679.html,
error,None,None,None,None,405,西東京バス,高尾駅～恩方営業所：深夜,高尾駅北口～恩方営業所,恩方営業所方面,高尾駅北口方面,恩方営業所,https://mb.jorudan.co.jp//os/bus/1312/stop/51544.html,
error,None,None,None,None,406,西東京バス,１６号０４,京王八王子駅～戸吹,戸吹方面,京王八王子駅方面,戸吹,https://mb.jorudan.co.jp//os/bus/1312/stop/51249.html,
error,None,None,None,None,407,西東京バス,１６号０６,京王八王子駅～谷野町会館,京王八王子駅方面,京王八王子駅方面,横山町,https://mb.jorudan.co.jp//os/bus/1312/stop/51442.html,
error,None,None,None,None,408,西東京バス,１６号０６,京王八王子駅～谷野町会館,京王八王子駅方面,京王八王子駅方面,横山町三丁目,https://mb.jorudan.co.jp//os/bus/1312/stop/51314.html,
error,None,None,None,None,409,西東京バス,１６号０６,京王八王子駅～谷野町会館,京王八王子駅方面,京王八王子駅方面,八日町一丁目,https://mb.jorudan.co.jp//os/bus/1312/stop/51211.html,
error,None,None,None,None,410,西東京バス,１６号０６,京王八王子駅～谷野町会館,京王八王子駅方面,京王八王子駅方面,八日町四丁目,https://mb.jorudan.co.jp//os/bus/1312/stop/51381.html,
error,None,None,None,None,411,西東京バス,１６号０６,京王八王子駅～谷野町会館,京王八王子駅方面,京王八王子駅方面,大横町,https://mb.jorudan.co.jp//os/bus/1312/stop/51803.html,
error,None,None,None,None,412,西東京バス,１６号０６,京王八王子駅～谷野町会館,京王八王子駅方面,京王八王子駅方面,サイエンスドーム,https://mb.jorudan.co.jp//os/bus/1312/stop/51602.html,
error,None,None,None,None,413,西東京バス,１６号０６,京王八王子駅～谷野町会館,京王八王子駅方面,京王八王子駅方面,浅川橋,https://mb.jorudan.co.jp//os/bus/1312/stop/51416.html,
error,None,None,None,None,414,西東京バス,１６号０６,京王八王子駅～谷野町会館,京王八王子駅方面,京王八王子駅方面,川口川橋,https://mb.jorudan.co.jp//os/bus/1312/stop/51436.html,
error,None,None,None,None,415,西東京バス,１６号０６,京王八王子駅～谷野町会館,京王八王子駅方面,京王八王子駅方面,稲荷坂下,https://mb.jorudan.co.jp//os/bus/1312/stop/51772.html,
error,None,None,None,None,416,西東京バス,１６号０６,京王八王子駅～谷野町会館,京王八王子駅方面,京王八王子駅方面,馬場谷戸,https://mb.jorudan.co.jp//os/bus/1312/stop/51540.html,
error,None,None,None,None,417,西東京バス,１６号０６,京王八王子駅～谷野町会館,京王八王子駅方面,京王八王子駅方面,谷野町南,https://mb.jorudan.co.jp//os/bus/1312/stop/51609.html,
error,None,None,None,None,418,西東京バス,１６号０６,京王八王子駅～谷野町会館,京王八王子駅方面,京王八王子駅方面,谷野町,https://mb.jorudan.co.jp//os/bus/1312/stop/51646.html,
error,None,None,None,None,419,西東京バス,１６号０６,京王八王子駅～谷野町会館,京王八王子駅方面,京王八王子駅方面,創価大正門・東京富士美術館,https://mb.jorudan.co.jp//os/bus/1312/stop/51257.html,
error,None,None,None,None,420,西東京バス,１６号０６,京王八王子駅～谷野町会館,京王八王子駅方面,創価大学創大門方面,創価大学創大門,https://mb.jorudan.co.jp//os/bus/1312/stop/51674.html,
error,None,None,None,None,421,西東京バス,１６号０６,京王八王子駅～谷野町会館,京王八王子駅方面,創価大学創大門方面,善太郎坂下,https://mb.jorudan.co.jp//os/bus/1312/stop/51454.html,
error,None,None,None,None,422,西東京バス,１６号０６,京王八王子駅～谷野町会館,京王八王子駅方面,創価大学創大門方面,谷野町会館,https://mb.jorudan.co.jp//os/bus/1312/stop/51314.html,
error,None,None,None,None,423,神奈川中央交通,い０６：いちょう団地右循環,いずみ野駅～泉警察署前,いずみ野駅方面,いずみ野駅方面,いずみ野駅,https://mb.jorudan.co.jp//os/bus/1403/stop/59121.html,
error,None,None,None,None,424,神奈川中央交通,三５３,三ヶ木～鳥居原ふれあいの館,鳥居原ふれあいの館方面,三ヶ木方面,鳥居原ふれあいの館,https://mb.jorudan.co.jp//os/bus/1403/stop/58827.html,
error,None,None,None,None,425,神奈川中央交通,上９６,上大岡駅～不動坂,不動坂方面,上大岡駅方面,不動坂,https://mb.jorudan.co.jp//os/bus/1403/stop/60958.html,
error,None,None,None,None,426,神奈川中央交通,二０１,二宮駅北口～市民病院前［平塚市］,市民病院前［平塚市］方面,二宮駅北口方面,市民病院前［平塚市］,https://mb.jorudan.co.jp//os/bus/1403/stop/229651.html,
error,None,None,None,None,427,神奈川中央交通,二３９,中央公園前［二宮町］～二宮駅北口,二宮駅北口方面,中央公園前［二宮町］方面,二宮駅北口,https://mb.jorudan.co.jp//os/bus/1403/stop/59794.html,
error,None,None,None,None,428,神奈川中央交通,二４４,二宮駅北口～緑が丘二丁目［二宮町］,緑が丘二丁目［二宮町］方面,二宮駅北口方面,緑が丘二丁目［二宮町］,https://mb.jorudan.co.jp//os/bus/1403/stop/229549.html,
error,None,None,None,None,429,神奈川中央交通,伊０３,伊勢原駅南口～伊勢原車庫,伊勢原車庫方面,伊勢原駅南口方面,伊勢原車庫,https://mb.jorudan.co.jp//os/bus/1403/stop/60754.html,
error,None,None,None,None,430,神奈川中央交通,伊１７,大山ケーブル～伊勢原駅北口,伊勢原駅北口方面,大山ケーブル方面,伊勢原駅北口,https://mb.jorudan.co.jp//os/bus/1403/stop/59938.html,
error,None,None,None,None,431,神奈川中央交通,伊３７,伊勢原駅北口～神奈川リハビリ,神奈川リハビリ方面,伊勢原駅北口方面,神奈川リハビリ,https://mb.jorudan.co.jp//os/bus/1403/stop/61231.html,
error,None,None,None,None,432,神奈川中央交通,六０３,天神町６号～六会日大前駅西口,六会日大前駅西口方面,天神町６号方面,六会日大前駅西口,https://mb.jorudan.co.jp//os/bus/1403/stop/208588.html,
error,None,None,None,None,433,神奈川中央交通,六０５,六会日大前駅西口～天神町９号,天神町９号方面,六会日大前駅西口方面,天神町９号,https://mb.jorudan.co.jp//os/bus/1403/stop/208573.html,
error,None,None,None,None,434,神奈川中央交通,南０３,南町田グランベリーパーク駅～マークスプリングス,マークスプリングス方面,南町田グランベリーパーク駅方面,マークスプリングス,https://mb.jorudan.co.jp//os/bus/1403/stop/58287.html,
error,None,None,None,None,435,神奈川中央交通,厚０３,厚木バスセンター～清雲寺入口,清雲寺入口方面,厚木バスセンター方面,清雲寺入口,https://mb.jorudan.co.jp//os/bus/1403/stop/59449.html,
error,None,None,None,None,436,神奈川中央交通,厚０８：ツインライナー,松蓮寺～厚木バスセンター,厚木バスセンター方面,松蓮寺方面,厚木バスセンター,https://mb.jorudan.co.jp//os/bus/1403/stop/60495.html,
error,None,None,None,None,437,神奈川中央交通,厚１０５：急行,厚木アクスト～本厚木駅南口,本厚木駅南口方面,厚木アクスト方面,本厚木駅南口,https://mb.jorudan.co.jp//os/bus/1403/stop/60012.html,
error,None,None,None,None,438,神奈川中央交通,厚１１,本厚木駅～上荻野車庫前,上荻野車庫前方面,本厚木駅方面,上荻野車庫前,https://mb.jorudan.co.jp//os/bus/1403/stop/59067.html,
error,None,None,None,None,439,神奈川中央交通,厚２１,本厚木駅～宮ヶ瀬,宮ヶ瀬方面,本厚木駅方面,宮ヶ瀬,https://mb.jorudan.co.jp//os/bus/1403/stop/59291.html,
error,None,None,None,None,440,神奈川中央交通,厚２６：急行,厚木バスセンター～東京工芸大学,東京工芸大学方面,厚木バスセンター方面,東京工芸大学,https://mb.jorudan.co.jp//os/bus/1403/stop/60458.html,
error,None,None,None,None,441,神奈川中央交通,厚２７：深夜,本厚木駅～古松台入口,古松台入口方面,本厚木駅方面,古松台入口,https://mb.jorudan.co.jp//os/bus/1403/stop/61595.html,
error,None,None,None,None,442,神奈川中央交通,厚４５,厚木バスセンター～森の里,森の里方面,厚木バスセンター方面,森の里,https://mb.jorudan.co.jp//os/bus/1403/stop/61100.html,
error,None,None,None,None,443,神奈川中央交通,厚６１：深夜,本厚木駅～春日台団地,春日台団地方面,本厚木駅方面,春日台団地,https://mb.jorudan.co.jp//os/bus/1403/stop/60965.html,
error,None,None,None,None,444,神奈川中央交通,厚６４,厚木バスセンター～愛川バスセンター,愛川バスセンター方面,厚木バスセンター方面,愛川バスセンター,https://mb.jorudan.co.jp//os/bus/1403/stop/60514.html,
error,None,None,None,None,445,神奈川中央交通,厚８０,厚木バスセンター～猿ヶ島,猿ヶ島方面,厚木バスセンター方面,猿ヶ島,https://mb.jorudan.co.jp//os/bus/1403/stop/60141.html,
error,None,None,None,None,446,神奈川中央交通,厚９５,厚木バスセンター～王子,王子方面,厚木バスセンター方面,王子,https://mb.jorudan.co.jp//os/bus/1403/stop/60630.html,
error,None,None,None,None,447,神奈川中央交通,古０５,古淵駅～女子美術大学,女子美術大学方面,古淵駅方面,女子美術大学,https://mb.jorudan.co.jp//os/bus/1403/stop/58210.html,
error,None,None,None,None,448,神奈川中央交通,和０６,いちょう団地～大和駅,大和駅方面,いちょう団地方面,大和駅,https://mb.jorudan.co.jp//os/bus/1403/stop/58446.html,
error,None,None,None,None,449,神奈川中央交通,善０５,善行駅～団地入口［藤沢市］,善行駅方面,善行駅方面,善行駅,https://mb.jorudan.co.jp//os/bus/1403/stop/59163.html,
error,None,None,None,None,450,神奈川中央交通,国０６,国府津駅～鐘藪,国府津駅方面,国府津駅方面,国府津駅,https://mb.jorudan.co.jp//os/bus/1403/stop/59051.html,
error,None,None,None,None,451,神奈川中央交通,大１３,相模大野駅南口～上鶴間公民館入口,相模大野駅南口方面,相模大野駅南口方面,相模大野駅南口,https://mb.jorudan.co.jp//os/bus/1403/stop/58664.html,
error,None,None,None,None,452,神奈川中央交通,大２５,光が丘一丁目～相模大野駅北口,相模大野駅北口方面,光が丘一丁目方面,相模大野駅北口,https://mb.jorudan.co.jp//os/bus/1403/stop/59991.html,
error,None,None,None,None,453,神奈川中央交通,大５５,相模大野駅北口～麻溝車庫,麻溝車庫方面,相模大野駅北口方面,麻溝車庫,https://mb.jorudan.co.jp//os/bus/1403/stop/58473.html,
error,None,None,None,None,454,神奈川中央交通,大５８,相模大野駅北口～さがみ緑風園前,さがみ緑風園前方面,相模大野駅北口方面,さがみ緑風園前,https://mb.jorudan.co.jp//os/bus/1403/stop/61476.html,
error,None,None,None,None,455,神奈川中央交通,学０１,東海大学前駅～オレンジヒル,東海大学前駅方面,東海大学前駅方面,東海大学前駅,https://mb.jorudan.co.jp//os/bus/1403/stop/60069.html,
error,None,None,None,None,456,神奈川中央交通,学０２,東海大学前駅～オレンジヒル,オレンジヒル方面,東海大学前駅方面,オレンジヒル,https://mb.jorudan.co.jp//os/bus/1403/stop/59679.html,
error,None,None,None,None,457,神奈川中央交通,巻０３,大山ケーブル～鶴巻温泉駅,鶴巻温泉駅方面,大山ケーブル方面,鶴巻温泉駅,https://mb.jorudan.co.jp//os/bus/1403/stop/58199.html,
error,None,None,None,None,458,神奈川中央交通,平１０,平塚駅北口～神奈川大学校舎前,神奈川大学校舎前方面,平塚駅北口方面,神奈川大学校舎前,https://mb.jorudan.co.jp//os/bus/1403/stop/61158.html,
error,None,None,None,None,459,神奈川中央交通,平３７,神奈川大学校舎前～平塚駅北口,平塚駅北口方面,神奈川大学校舎前方面,平塚大橋,https://mb.jorudan.co.jp//os/bus/1403/stop/58380.html,
error,None,None,None,None,460,神奈川中央交通,平３７,神奈川大学校舎前～平塚駅北口,神奈川大学校舎前方面,平塚駅北口方面,神明下,https://mb.jorudan.co.jp//os/bus/1403/stop/58380.html,
error,None,None,None,None,461,神奈川中央交通,平４４,平塚駅北口～小田原駅,小田原駅方面,平塚駅北口方面,小田原駅,https://mb.jorudan.co.jp//os/bus/1403/stop/59203.html,
error,None,None,None,None,462,神奈川中央交通,平４５,小田原駅～平塚駅北口,平塚駅北口方面,小田原駅方面,平塚駅北口,https://mb.jorudan.co.jp//os/bus/1403/stop/61721.html,
error,None,None,None,None,463,神奈川中央交通,平７８,平塚駅北口～長持,長持方面,平塚駅北口方面,長持,https://mb.jorudan.co.jp//os/bus/1403/stop/59414.html,
error,None,None,None,None,464,神奈川中央交通,平９６,平塚駅北口～矢崎［平塚市］,矢崎［平塚市］方面,平塚駅北口方面,矢崎［平塚市］,https://mb.jorudan.co.jp//os/bus/1403/stop/229993.html,
error,None,None,None,None,465,神奈川中央交通,愛３０,愛甲石田駅南口～リバティタウン伊勢原中央,愛甲石田駅南口方面,愛甲石田駅南口方面,愛甲石田駅南口,https://mb.jorudan.co.jp//os/bus/1403/stop/59252.html,
error,None,None,None,None,466,神奈川中央交通,成０５,成瀬駅～成瀬台,成瀬台方面,成瀬駅方面,成瀬台,https://mb.jorudan.co.jp//os/bus/1403/stop/59534.html,
error,None,None,None,None,467,神奈川中央交通,戸０３,戸塚駅東口～県庁入口［神奈川県］,県庁入口［神奈川県］方面,戸塚駅東口方面,県庁入口［神奈川県］,https://mb.jorudan.co.jp//os/bus/1403/stop/229968.html,
error,None,None,None,None,468,神奈川中央交通,戸０３,戸塚駅東口～県庁入口［神奈川県］,戸塚駅東口方面,本町四丁目方面,本町四丁目,https://mb.jorudan.co.jp//os/bus/1403/stop/229968.html,
error,None,None,None,None,469,神奈川中央交通,戸１３：深夜,戸塚駅東口～上飯田車庫,上飯田車庫方面,戸塚駅東口方面,上飯田車庫,https://mb.jorudan.co.jp//os/bus/1403/stop/60539.html,
error,None,None,None,None,470,神奈川中央交通,戸２５,こども医療センター～戸塚駅東口,戸塚駅東口方面,こども医療センター方面,戸塚駅東口,https://mb.jorudan.co.jp//os/bus/1403/stop/58454.html,
error,None,None,None,None,471,神奈川中央交通,戸５３：急行,汲沢団地～戸塚バスセンター,戸塚バスセンター方面,汲沢団地方面,戸塚バスセンター,https://mb.jorudan.co.jp//os/bus/1403/stop/59009.html,
error,None,None,None,None,472,神奈川中央交通,戸７５,戸塚バスセンター～金井高校前,金井高校前方面,戸塚バスセンター方面,金井高校前,https://mb.jorudan.co.jp//os/bus/1403/stop/59048.html,
error,None,None,None,None,473,神奈川中央交通,戸７７,戸塚バスセンター～ヒルズ南戸塚,ヒルズ南戸塚方面,戸塚バスセンター方面,ヒルズ南戸塚,https://mb.jorudan.co.jp//os/bus/1403/stop/58429.html,
error,None,None,None,None,474,神奈川中央交通,戸９０：上矢部高校先回り,戸塚駅～領家中学校前,戸塚駅方面,戸塚駅方面,戸塚駅,https://mb.jorudan.co.jp//os/bus/1403/stop/58324.html,
error,None,None,None,None,475,神奈川中央交通,戸９５,戸塚バスセンター～戸塚台中央,戸塚台中央方面,戸塚バスセンター方面,戸塚台中央,https://mb.jorudan.co.jp//os/bus/1403/stop/58763.html,
error,None,None,None,None,476,神奈川中央交通,戸９９,戸塚駅～上矢部高校,上矢部高校方面,戸塚駅方面,上矢部高校,https://mb.jorudan.co.jp//os/bus/1403/stop/60391.html,
error,None,None,None,None,477,神奈川中央交通,東１５,名瀬小学校入口～東戸塚駅東口,東戸塚駅東口方面,名瀬小学校入口方面,東戸塚駅東口,https://mb.jorudan.co.jp//os/bus/1403/stop/60014.html,
error,None,None,None,None,478,神奈川中央交通,林０５,イオンモール座間～南林間駅,南林間駅方面,イオンモール座間方面,南林間駅,https://mb.jorudan.co.jp//os/bus/1403/stop/59464.html,
error,None,None,None,None,479,神奈川中央交通,橋０１：橋本駅南口～三ヶ木,三ヶ木～橋本駅南口,橋本駅南口方面,三ヶ木方面,橋本駅南口,https://mb.jorudan.co.jp//os/bus/1403/stop/61096.html,
error,None,None,None,None,480,神奈川中央交通,橋１５：深夜,橋本駅北口～城山高校前,城山高校前方面,橋本駅北口方面,城山高校前,https://mb.jorudan.co.jp//os/bus/1403/stop/60828.html,
error,None,None,None,None,481,神奈川中央交通,橋１６,橋本駅北口～大戸［相模原市］,大戸［相模原市］方面,橋本駅北口方面,大戸［相模原市］,https://mb.jorudan.co.jp//os/bus/1403/stop/229669.html,
error,None,None,None,None,482,神奈川中央交通,橋２０,橋本駅北口～法政大学,法政大学方面,橋本駅北口方面,法政大学,https://mb.jorudan.co.jp//os/bus/1403/stop/60108.html,
error,None,None,None,None,483,神奈川中央交通,橋６２,法政大学～橋本駅北口,橋本駅北口方面,法政大学方面,橋本駅北口,https://mb.jorudan.co.jp//os/bus/1403/stop/58897.html,
error,None,None,None,None,484,神奈川中央交通,淵５２,上溝～淵野辺駅南口,淵野辺駅南口方面,上溝方面,淵野辺駅南口,https://mb.jorudan.co.jp//os/bus/1403/stop/61198.html,
error,None,None,None,None,485,神奈川中央交通,港３７,港南台駅～上郷ネオポリス,上郷ネオポリス方面,港南台駅方面,上郷ネオポリス,https://mb.jorudan.co.jp//os/bus/1403/stop/58988.html,
error,None,None,None,None,486,神奈川中央交通,港８５：八軒谷戸経由,庄戸～港南台駅,港南台駅方面,庄戸方面,港南台駅,https://mb.jorudan.co.jp//os/bus/1403/stop/59187.html,
error,None,None,None,None,487,神奈川中央交通,湘１５,文化体育館前［藤沢市］～湘南台駅西口,湘南台駅西口方面,文化体育館前［藤沢市］方面,湘南台駅西口,https://mb.jorudan.co.jp//os/bus/1403/stop/58527.html,
error,None,None,None,None,488,神奈川中央交通,湘１５,文化体育館前［藤沢市］～湘南台駅西口,文化体育館前［藤沢市］方面,湘南台駅東口方面,湘南台駅東口,https://mb.jorudan.co.jp//os/bus/1403/stop/58527.html,
error,None,None,None,None,489,神奈川中央交通,湘１８,湘南台駅西口～文教大学,文教大学方面,湘南台駅西口方面,文教大学,https://mb.jorudan.co.jp//os/bus/1403/stop/60299.html,
error,None,None,None,None,490,神奈川中央交通,湘２３,湘南台駅西口～慶応中高等部前,慶応中高等部前方面,湘南台駅西口方面,慶応中高等部前,https://mb.jorudan.co.jp//os/bus/1403/stop/59451.html,
error,None,None,None,None,491,神奈川中央交通,湘２３,湘南台駅西口～慶応中高等部前,湘南台駅西口方面,慶応大学本館前方面,慶応大学本館前,https://mb.jorudan.co.jp//os/bus/1403/stop/59451.html,
error,None,None,None,None,492,神奈川中央交通,湘２３,湘南台駅西口～慶応中高等部前,慶応大学方面,湘南台駅西口方面,慶応大学,https://mb.jorudan.co.jp//os/bus/1403/stop/59451.html,
error,None,None,None,None,493,神奈川中央交通,町１６：急行,町田バスセンター～日大三高,日大三高方面,町田バスセンター方面,日大三高,https://mb.jorudan.co.jp//os/bus/1403/stop/60534.html,
error,None,None,None,None,494,神奈川中央交通,町２０,山崎団地センター～町田バスセンター,町田バスセンター方面,山崎団地センター方面,町田バスセンター,https://mb.jorudan.co.jp//os/bus/1403/stop/60788.html,
error,None,None,None,None,495,神奈川中央交通,町２５,町田バスセンター～野津田車庫,野津田車庫方面,町田バスセンター方面,野津田車庫,https://mb.jorudan.co.jp//os/bus/1403/stop/59742.html,
error,None,None,None,None,496,神奈川中央交通,町３８,町田バスセンター～市立室内プール［町田市］,市立室内プール［町田市］方面,町田バスセンター方面,市立室内プール［町田市］,https://mb.jorudan.co.jp//os/bus/1403/stop/230225.html,
error,None,None,None,None,497,神奈川中央交通,町６３,町田バスセンター～横土手,横土手方面,町田バスセンター方面,横土手,https://mb.jorudan.co.jp//os/bus/1403/stop/61202.html,
error,None,None,None,None,498,神奈川中央交通,秦１４,畑中～秦野駅,秦野駅方面,畑中方面,秦野駅,https://mb.jorudan.co.jp//os/bus/1403/stop/61033.html,
error,None,None,None,None,499,神奈川中央交通,秦４６,秦野駅～下大槻団地,下大槻団地方面,秦野駅方面,下大槻団地,https://mb.jorudan.co.jp//os/bus/1403/stop/58221.html,
error,None,None,None,None,500,神奈川中央交通,秦６３,二宮駅北口～秦野駅南口,秦野駅南口方面,二宮駅北口方面,秦野駅南口,https://mb.jorudan.co.jp//os/bus/1403/stop/60485.html,
error,None,None,None,None,501,神奈川中央交通,船１０２,大船駅西口～城廻中村,城廻中村方面,大船駅西口方面,城廻中村,https://mb.jorudan.co.jp//os/bus/1403/stop/60956.html,
error,None,None,None,None,502,神奈川中央交通,船１０３,城廻中村～大船駅西口,大船駅西口方面,城廻中村方面,大船駅西口,https://mb.jorudan.co.jp//os/bus/1403/stop/59607.html,
error,None,None,None,None,503,神奈川中央交通,船１６,大船駅～本郷車庫前,本郷車庫前方面,大船駅方面,本郷車庫前,https://mb.jorudan.co.jp//os/bus/1403/stop/58413.html,
error,None,None,None,None,504,神奈川中央交通,船３１,大船駅西口～慈眼寺,慈眼寺方面,大船駅西口方面,慈眼寺,https://mb.jorudan.co.jp//os/bus/1403/stop/60278.html,
error,None,None,None,None,505,神奈川中央交通,茅０９,茅ヶ崎駅南口～徳洲会病院前,茅ヶ崎駅南口方面,茅ヶ崎駅南口方面,茅ヶ崎駅南口,https://mb.jorudan.co.jp//os/bus/1403/stop/61830.html,
error,None,None,None,None,506,神奈川中央交通,藤３４：南仲通り経由,湘南台駅西口～藤沢駅北口,藤沢駅北口方面,湘南台駅西口方面,藤沢駅北口,https://mb.jorudan.co.jp//os/bus/1403/stop/60735.html,
error,None,None,None,None,507,神奈川中央交通,藤５６,藤沢駅北口～聖母の園前,聖母の園前方面,藤沢駅北口方面,聖母の園前,https://mb.jorudan.co.jp//os/bus/1403/stop/60232.html,
error,None,None,None,None,508,神奈川中央交通,辻０５,辻堂駅南口～東海岸北五丁目,東海岸北五丁目方面,辻堂駅南口方面,東海岸北五丁目,https://mb.jorudan.co.jp//os/bus/1403/stop/58656.html,
error,None,None,None,None,509,神奈川中央交通,辻０８,高山車庫～市立病院［茅ヶ崎市］,市立病院［茅ヶ崎市］方面,高山車庫方面,市立病院［茅ヶ崎市］,https://mb.jorudan.co.jp//os/bus/1403/stop/229731.html,
error,None,None,None,None,510,神奈川中央交通,辻１４,辻堂駅南口～若松町,若松町方面,辻堂駅南口方面,若松町,https://mb.jorudan.co.jp//os/bus/1403/stop/60389.html,
error,None,None,None,None,511,神奈川中央交通,辻３４,辻堂駅北口～慶応中高降車場,慶応中高降車場方面,辻堂駅北口方面,慶応中高降車場,https://mb.jorudan.co.jp//os/bus/1403/stop/227740.html,
error,None,None,None,None,512,神奈川中央交通,長１６：厚木ナイロン経由,海老名駅東口～長後駅西口,長後駅西口方面,海老名駅東口方面,長後駅西口,https://mb.jorudan.co.jp//os/bus/1403/stop/61189.html,
error,None,None,None,None,513,神奈川中央交通,鶴２３：急行,鶴川駅～和光学園,和光学園方面,鶴川駅方面,和光学園,https://mb.jorudan.co.jp//os/bus/1403/stop/59853.html,
error,None,None,None,None,514,神奈川中央交通,黒０１,東海大学大磯病院～黒岩台,黒岩台方面,東海大学大磯病院方面,黒岩台,https://mb.jorudan.co.jp//os/bus/1403/stop/303809.html,
error,None,None,None,None,515,神奈川中央交通,黒０２,黒岩台～湘南大磯住宅入口,湘南大磯住宅入口方面,黒岩台方面,湘南大磯住宅入口,https://mb.jorudan.co.jp//os/bus/1403/stop/61136.html,
error,None,None,None,None,516,神奈川中央交通,０５系統：鶴ヶ峰～動物園,鶴ヶ峰駅～よこはま動物園北門,よこはま動物園北門方面,鶴ヶ峰駅方面,よこはま動物園北門,https://mb.jorudan.co.jp//os/bus/1403/stop/60757.html,
error,None,None,None,None,517,神奈川中央交通,１３１系統,新横浜駅前～川島住宅,川島住宅方面,新横浜駅前方面,川島住宅,https://mb.jorudan.co.jp//os/bus/1403/stop/61249.html,
error,None,None,None,None,518,神奈川中央交通,６２系統,横浜駅西口～千丸台集会所,千丸台集会所方面,横浜駅西口方面,千丸台集会所,https://mb.jorudan.co.jp//os/bus/1403/stop/59672.html,
error,None,None,None,None,519,神奈川中央交通,６２系統,横浜駅西口～千丸台集会所,横浜駅西口方面,千丸台団地方面,千丸台団地,https://mb.jorudan.co.jp//os/bus/1403/stop/59672.html,
error,None,None,None,None,520,ｋｍモビリティサービス,お台場レインボーバス,品川駅港南口～田町駅東口,品川駅港南口方面,品川駅港南口方面,品川駅港南口,https://mb.jorudan.co.jp//os/bus/1379/stop/314293.html,
error,None,None,None,None,521,ウィラーエクスプレス,ＩＫＥＢＵＳ：Ａルート,池袋駅東口～南池袋公園,池袋駅東口方面,池袋駅東口方面,池袋駅東口,https://mb.jorudan.co.jp//os/bus/1378/stop/305582.html,
error,None,None,None,None,522,ウィラーエクスプレス,ＩＫＥＢＵＳ：Ｂルート,池袋駅西口［中央］～池袋駅西口［北］,池袋駅西口［中央］方面,池袋駅西口［中央］方面,池袋駅西口［中央］,https://mb.jorudan.co.jp//os/bus/1378/stop/305593.html,
error,None,None,None,None,523,日立自動車交通,レインボーかつしか有７４,ウェルピアかつしか～新宿小学校南,ウェルピアかつしか方面,ウェルピアかつしか方面,ウェルピアかつしか,https://mb.jorudan.co.jp//os/bus/1326/stop/253382.html,
error,None,None,None,None,524,新日本観光自動車,北千住循環：河原町経由,北千住駅西口～荒川鉄橋,北千住駅西口方面,北千住駅西口方面,北千住駅西口,https://mb.jorudan.co.jp//os/bus/1324/stop/233744.html,
error,None,None,None,None,525,銀河鉄道,東村山青葉恩多町線,東村山駅東口～東村山高校南,東村山駅東口方面,東村山駅東口方面,東村山駅東口,https://mb.jorudan.co.jp//os/bus/1330/stop/54479.html,
error,None,None,None,None,526,大島バス,ぶらっと・野田浜ライン,岡田港～岡田港,岡田港方面,元町港方面,元町港,https://mb.jorudan.co.jp//os/bus/1325/stop/287807.html,
error,None,None,None,None,527,大島バス,ぶらっと・野田浜ライン,岡田港～岡田港,岡田港方面,元町港方面,空港北口,https://mb.jorudan.co.jp//os/bus/1325/stop/287787.html,
error,None,None,None,None,528,大島バス,ぶらっと・野田浜ライン,岡田港～岡田港,岡田港方面,元町港方面,ぶらっとハウス,https://mb.jorudan.co.jp//os/bus/1325/stop/287754.html,
error,None,None,None,None,529,大島バス,ぶらっと・野田浜ライン,岡田港～岡田港,岡田港方面,元町港方面,野田浜,https://mb.jorudan.co.jp//os/bus/1325/stop/287782.html,
error,None,None,None,None,530,大島バス,ぶらっと・野田浜ライン,岡田港～岡田港,岡田港方面,元町港方面,岡田港,https://mb.jorudan.co.jp//os/bus/1325/stop/287801.html,
error,None,None,None,None,531,大島バス,大砂漠ライン,大島公園～大島公園,大島公園方面,波浮見晴台方面,波浮見晴台,https://mb.jorudan.co.jp//os/bus/1325/stop/287761.html,
error,None,None,None,None,532,大島バス,大砂漠ライン,大島公園～大島公園,大島公園方面,波浮見晴台方面,筆島,https://mb.jorudan.co.jp//os/bus/1325/stop/287805.html,
error,None,None,None,None,533,大島バス,大砂漠ライン,大島公園～大島公園,大島公園方面,波浮見晴台方面,大島大砂漠,https://mb.jorudan.co.jp//os/bus/1325/stop/287767.html,
error,None,None,None,None,534,大島バス,大砂漠ライン,大島公園～大島公園,大島公園方面,波浮見晴台方面,大島公園,https://mb.jorudan.co.jp//os/bus/1325/stop/287789.html,
error,27.09862972,27.09862972,142.2033117,142.2033117,535,小笠原村営バス,扇浦線・循環線：オレンジライン,小港海岸～奥村運動場,村役場前［小笠原村］方面,小港海岸方面,奥村,https://mb.jorudan.co.jp//os/bus/1376/stop/276695.html,
error,27.09868889,27.09868889,142.1995072,142.1995072,536,小笠原村営バス,扇浦線・循環線：オレンジライン,小港海岸～奥村運動場,村役場前［小笠原村］方面,小港海岸方面,福祉センター,https://mb.jorudan.co.jp//os/bus/1376/stop/276711.html,
error,27.09438833,27.09438833,142.1962989,142.1962989,537,小笠原村営バス,扇浦線・循環線：オレンジライン,小港海岸～奥村運動場,村役場前［小笠原村］方面,小港海岸方面,船客待合所,https://mb.jorudan.co.jp//os/bus/1376/stop/276699.html,
error,None,None,None,None,538,小笠原村営バス,扇浦線・循環線：オレンジライン,小港海岸～奥村運動場,村役場前［小笠原村］方面,小港海岸方面,村役場前［小笠原村］,https://mb.jorudan.co.jp//os/bus/1376/stop/276700.html,
error,27.09851167,27.09851167,142.2014156,142.2014156,539,小笠原村営バス,扇浦線・循環線：オレンジライン,小港海岸～奥村運動場,村役場前［小笠原村］方面,小港海岸方面,奥村運動場,https://mb.jorudan.co.jp//os/bus/1376/stop/276706.html,
error,None,None,None,None,540,小笠原村営バス,扇浦線・循環線：ブルーライン,村役場前［小笠原村］～小港海岸,小港海岸方面,村役場前［小笠原村］方面,小港海岸,https://mb.jorudan.co.jp//os/bus/1376/stop/276693.html,
error,27.09851167,27.09851167,142.2014156,142.2014156,541,小笠原村営バス,扇浦線・循環線：ブルーライン,村役場前［小笠原村］～小港海岸,小港海岸方面,村役場前［小笠原村］方面,奥村,https://mb.jorudan.co.jp//os/bus/1376/stop/276706.html,
error,27.09862972,27.09862972,142.2033117,142.2033117,542,小笠原村営バス,扇浦線・循環線：ブルーライン,村役場前［小笠原村］～小港海岸,小港海岸方面,村役場前［小笠原村］方面,境浦海岸,https://mb.jorudan.co.jp//os/bus/1376/stop/276695.html,
error,27.09868889,27.09868889,142.1995072,142.1995072,543,小笠原村営バス,扇浦線・循環線：ブルーライン,村役場前［小笠原村］～小港海岸,小港海岸方面,村役場前［小笠原村］方面,扇浦海岸,https://mb.jorudan.co.jp//os/bus/1376/stop/276711.html,
error,None,None,None,None,544,千代田区コミュニティ,内神田ルート,千代田区役所～九段下,千代田区役所方面,千代田区役所方面,千代田区役所,https://mb.jorudan.co.jp//os/bus/1373/stop/245875.html,
error,None,None,None,None,545,中央区コミュニティ,江戸バス：北循環,中央区役所～新富区民館,中央区役所方面,中央区役所方面,中央区役所,https://mb.jorudan.co.jp//os/bus/1334/stop/54853.html,
error,None,None,None,None,546,中央区コミュニティ,江戸バス：北循環,中央区役所～新富区民館,中央区役所方面,中央区役所方面,新富区民館,https://mb.jorudan.co.jp//os/bus/1334/stop/54853.html,
error,None,None,None,None,547,中央区コミュニティ,江戸バス：南循環,中央区役所～新富二丁目,中央区役所方面,中央区役所方面,築地七丁目,https://mb.jorudan.co.jp//os/bus/1334/stop/54853.html,
error,None,None,None,None,548,中央区コミュニティ,江戸バス：南循環,中央区役所～新富二丁目,中央区役所方面,中央区役所方面,聖路加国際病院,https://mb.jorudan.co.jp//os/bus/1334/stop/54853.html,
error,None,None,None,None,549,港区コミュニティ,芝浦港南ルート,田町駅東口～芝浦一丁目,田町駅東口方面,田町駅東口方面,田町駅東口,https://mb.jorudan.co.jp//os/bus/1332/stop/54583.html,
error,None,None,None,None,550,港区コミュニティ,赤坂ルート,六本木ヒルズ～檜町公園,六本木ヒルズ方面,六本木ヒルズ方面,六本木ヒルズ,https://mb.jorudan.co.jp//os/bus/1332/stop/54645.html,
error,None,None,None,None,551,港区コミュニティ,麻布東ルート,港区役所北～御成門中学校,港区役所北方面,港区役所北方面,港区役所北,https://mb.jorudan.co.jp//os/bus/1332/stop/304492.html,
error,None,None,None,None,552,港区コミュニティ,麻布西ルート,広尾駅～有栖川宮記念公園,広尾駅方面,広尾駅方面,広尾駅,https://mb.jorudan.co.jp//os/bus/1332/stop/54699.html,
error,None,None,None,None,553,文京区コミュニティ,千駄木・駒込ルート,ラクーア～ミーツポート,ラクーア方面,ラクーア方面,ラクーア,https://mb.jorudan.co.jp//os/bus/1336/stop/201490.html,
error,None,None,None,None,554,文京区コミュニティ,本郷・湯島ルート,春日一丁目～文京シビックセンター,春日一丁目方面,春日一丁目方面,春日一丁目,https://mb.jorudan.co.jp//os/bus/1336/stop/311560.html,
error,None,None,None,None,555,文京区コミュニティ,目白台・小日向ルート,文京シビックセンター～富坂下,文京シビックセンター方面,文京シビックセンター方面,文京シビックセンター,https://mb.jorudan.co.jp//os/bus/1336/stop/201456.html,
error,None,None,None,None,556,台東区コミュニティ,ぐるーりめぐりん,上野駅入谷口～台東区役所,上野駅入谷口方面,上野駅入谷口方面,上野駅入谷口,https://mb.jorudan.co.jp//os/bus/1337/stop/218975.html,
error,None,None,None,None,557,台東区コミュニティ,北めぐりん：根岸回り,台東病院～千束三丁目,台東病院方面,台東病院方面,台東病院,https://mb.jorudan.co.jp//os/bus/1337/stop/218935.html,
error,None,None,None,None,558,台東区コミュニティ,北めぐりん：浅草回り,浅草駅～浅草松屋西,浅草駅方面,浅草駅方面,浅草駅,https://mb.jorudan.co.jp//os/bus/1337/stop/218974.html,
error,None,None,None,None,559,台東区コミュニティ,南めぐりん,上野駅～台東保健所,上野駅方面,上野駅方面,上野駅,https://mb.jorudan.co.jp//os/bus/1337/stop/218977.html,
error,None,None,None,None,560,墨田区コミュニティ,北東部ルート,八広四丁目西～八広［八広駅］,八広四丁目西方面,八広四丁目西方面,八広四丁目西,https://mb.jorudan.co.jp//os/bus/1328/stop/54336.html,
error,None,None,None,None,561,墨田区コミュニティ,北西部ルート,押上駅～東京スカイツリータウン,押上駅方面,押上駅方面,押上駅,https://mb.jorudan.co.jp//os/bus/1328/stop/54374.html,
error,None,None,None,None,562,墨田区コミュニティ,南部ルート,錦糸町駅北口～法恩寺入口,錦糸町駅北口方面,錦糸町駅北口方面,錦糸町駅北口,https://mb.jorudan.co.jp//os/bus/1328/stop/54330.html,
error,None,None,None,None,563,大田区コミュニティ,下丸子・矢口循環,武蔵新田駅～池上八丁目,武蔵新田駅方面,武蔵新田駅方面,武蔵新田駅,https://mb.jorudan.co.jp//os/bus/1339/stop/205504.html,
error,None,None,None,None,564,渋谷区コミュニティ,ハチ公バス：夕やけこやけルート,渋谷区役所～消防署入口,渋谷区役所方面,渋谷区役所方面,渋谷区役所,https://mb.jorudan.co.jp//os/bus/1333/stop/54743.html,
error,None,None,None,None,565,渋谷区コミュニティ,ハチ公バス：夕やけこやけルート,渋谷区役所～消防署入口,渋谷区役所方面,渋谷区役所方面,国立代々木競技場,https://mb.jorudan.co.jp//os/bus/1333/stop/54743.html,
error,None,None,None,None,566,渋谷区コミュニティ,ハチ公バス：神宮の杜ルート,渋谷駅西口～渋谷駅ハチ公口,渋谷駅ハチ公口方面,渋谷駅西口方面,渋谷駅ハチ公口,https://mb.jorudan.co.jp//os/bus/1333/stop/54718.html,
error,35.67666889,35.67666889,139.6427511杉並区コミュニティ,139.6427511杉並区コミュニティ,567,杉並区コミュニティ,けやき路線：阿佐ヶ谷～永福町,阿佐ヶ谷駅～永福町,永福町方面,阿佐ヶ谷駅方面,永福町,https://mb.jorudan.co.jp//os/bus/1342/stop/232132.html,
error,139.6364742,139.6364742,,,568,けやき路線：阿佐ヶ谷～浜田山,阿佐ヶ谷駅～浜田山駅,浜田山駅方面,阿佐ヶ谷駅方面,阿佐ヶ谷駅,https://mb.jorudan.co.jp//os/bus/1342/stop/232162.html,35.70457861,
error,None,None,None,None,569,北区コミュニティ,王子・駒込ルート,ＪＲ王子駅～ＪＲ駒込駅,ＪＲ王子駅方面,ＪＲ王子駅方面,ＪＲ王子駅,https://mb.jorudan.co.jp//os/bus/1343/stop/205057.html,
error,None,None,None,None,570,北区コミュニティ,田端循環ルート,ＪＲ駒込駅～霜降橋,ＪＲ駒込駅方面,ＪＲ駒込駅方面,ＪＲ駒込駅,https://mb.jorudan.co.jp//os/bus/1343/stop/205071.html,
error,None,None,None,None,571,荒川区コミュニティ,南千０１,南千住駅西口～南千住五丁目,南千住駅西口方面,南千住駅西口方面,南千住駅西口,https://mb.jorudan.co.jp//os/bus/1344/stop/232202.html,
error,None,None,None,None,572,練馬区コミュニティ,北町ルート,練馬光が丘病院～北町三丁目西,練馬光が丘病院方面,練馬光が丘病院方面,練馬光が丘病院,https://mb.jorudan.co.jp//os/bus/1346/stop/213437.html,
error,None,None,None,None,573,武蔵野市コミュニティ,三鷹北西循環,三鷹駅北口～武蔵野警察署前,三鷹駅北口方面,三鷹駅北口方面,三鷹駅北口,https://mb.jorudan.co.jp//os/bus/1371/stop/56298.html,
error,None,None,None,None,574,武蔵野市コミュニティ,三鷹吉祥寺循環：吉祥寺行,三鷹駅北口～吉祥寺駅南口,吉祥寺駅南口方面,三鷹駅北口方面,吉祥寺駅南口,https://mb.jorudan.co.jp//os/bus/1371/stop/56333.html,
error,None,None,None,None,575,小金井市コミュニティ,中町循環,新小金井駅～栗山公園,新小金井駅方面,新小金井駅方面,新小金井駅,https://mb.jorudan.co.jp//os/bus/1358/stop/55414.html,
error,None,None,None,None,576,小金井市コミュニティ,北東部循環,武蔵小金井駅北口～小金井市役所入口,武蔵小金井駅北口方面,武蔵小金井駅北口方面,武蔵小金井駅北口,https://mb.jorudan.co.jp//os/bus/1358/stop/55370.html,
error,None,None,None,None,577,小金井市コミュニティ,東町循環,東小金井駅南口～くりやま通り,東小金井駅南口方面,東小金井駅南口方面,東小金井駅南口,https://mb.jorudan.co.jp//os/bus/1358/stop/55377.html,
error,None,None,None,None,578,小金井市コミュニティ,貫井前原循環,武蔵小金井駅南口～貫井南町二丁目,武蔵小金井駅南口方面,武蔵小金井駅南口方面,武蔵小金井駅南口,https://mb.jorudan.co.jp//os/bus/1358/stop/55361.html,
error,None,None,None,None,579,国分寺市コミュニティ,ぶんバス：北町ルート,西国分寺駅東～西恋ヶ窪一丁目南,西国分寺駅東方面,西国分寺駅東方面,西国分寺駅東,https://mb.jorudan.co.jp//os/bus/1369/stop/187918.html,
error,None,None,None,None,580,国分寺市コミュニティ,ぶんバス：東元町ルート,国分寺駅南口～丸山通り,国分寺駅南口方面,国分寺駅南口方面,国分寺駅南口,https://mb.jorudan.co.jp//os/bus/1369/stop/56062.html,
error,None,None,None,None,581,立川市コミュニティ,錦ルート,立川駅南口～柴崎体育館東,立川駅南口方面,立川駅南口方面,立川駅南口,https://mb.jorudan.co.jp//os/bus/1357/stop/55288.html,
error,None,None,None,None,582,府中市コミュニティ,ちゅうバス：四谷六丁目ルート,中河原駅～変電所前,中河原駅方面,中河原駅方面,中河原駅,https://mb.jorudan.co.jp//os/bus/1362/stop/55492.html,
error,None,None,None,None,583,稲城市コミュニティ,Ｄコース,南多摩駅～市民プール南,南多摩駅方面,南多摩駅方面,南多摩駅,https://mb.jorudan.co.jp//os/bus/1350/stop/196787.html,
error,None,None,None,None,584,西東京市コミュニティ,はなバス第１ルート,保谷駅北口～東松ノ木,保谷駅北口方面,保谷駅北口方面,保谷駅北口,https://mb.jorudan.co.jp//os/bus/1366/stop/55902.html,
error,None,None,None,None,585,小平市コミュニティ,にじバス,小平駅南口～仲町,小平駅南口方面,小平駅南口方面,小平駅南口,https://mb.jorudan.co.jp//os/bus/1364/stop/55658.html,
error,None,None,None,None,586,武蔵村山市コミュニティ,上北台ルート：通勤時,上北台駅～村山温泉かたくりの湯,上北台駅方面,上北台駅方面,上北台駅,https://mb.jorudan.co.jp//os/bus/1352/stop/55116.html,
error,None,None,None,None,587,羽村市コミュニティ,小作コース：内廻り,小作駅西口～小作坂上,小作駅西口方面,小作駅西口方面,小作駅西口,https://mb.jorudan.co.jp//os/bus/1367/stop/56037.html,
error,None,None,None,None,588,羽村市コミュニティ,羽村中央コース,羽村市役所～福生病院,羽村市役所方面,羽村市役所方面,羽村市役所,https://mb.jorudan.co.jp//os/bus/1367/stop/55980.html,
error,None,None,None,None,589,八王子市コミュニティ,西南部コース,高尾駅南口～御陵前,高尾駅南口方面,高尾駅南口方面,高尾駅南口,https://mb.jorudan.co.jp//os/bus/1365/stop/55755.html,
error,None,None,None,None,590,町田市コミュニティ,かわせみ号：わさび田公園前経由,成瀬駅南口前～成瀬が丘二丁目西,成瀬駅南口前方面,成瀬駅南口前方面,成瀬駅南口前,https://mb.jorudan.co.jp//os/bus/1370/stop/56145.html,
error,None,None,None,None,591,町田市コミュニティ,玉ちゃんバス：北ルート,玉川学園前駅～玉川学園なかよし公園,玉川学園前駅方面,玉川学園前駅方面,玉川学園前駅,https://mb.jorudan.co.jp//os/bus/1370/stop/56127.html,
error,None,None,None,None,592,町田市コミュニティ,玉ちゃんバス：南ルート,玉川学園前駅南口～のらくろ坂下,玉川学園前駅南口方面,玉川学園前駅南口方面,玉川学園前駅南口,https://mb.jorudan.co.jp//os/bus/1370/stop/56117.html,
error,None,None,None,None,593,日の出町コミュニティ,ぐるりーん：２０６４０１,長井折返場～阿伎留医療センター,阿伎留医療センター方面,長井折返場方面,阿伎留医療センター,https://mb.jorudan.co.jp//os/bus/1356/stop/319195.html,
error,None,None,None,None,594,日の出町コミュニティ,ぐるりーん：２０６４０２,阿伎留医療センター～長井折返場,長井折返場方面,阿伎留医療センター方面,長井折返場,https://mb.jorudan.co.jp//os/bus/1356/stop/319191.html,
