路線ID,バス会社ID,路線名称
1,432,上23(上野松坂屋前-平井駅前)[都営バス]
2,432,上23(青戸車庫前-東墨田会館)[都営バス]
3,432,上26[都営バス]
4,432,上46[都営バス]
5,432,上58[都営バス]
6,432,上60[都営バス]
7,432,上69(小滝橋車庫前-上野公園)[都営バス]
8,432,両28[都営バス]
9,432,両28〔日曹橋経由〕[都営バス]
10,432,亀21[都営バス]
11,432,亀23(亀戸駅前-江東高齢者医療センター)[都営バス]
12,432,亀23(江東高齢者医療センター-亀戸駅前)[都営バス]
13,432,亀24[都営バス]
14,432,亀26[都営バス]
15,432,亀29[都営バス]
16,432,井92(大井町駅東口-八潮パークタウン)[都営バス]
17,432,井96(大井町駅東口-天王洲アイル)[都営バス]
18,432,井96(天王洲アイル-大井町駅東口)[都営バス]
19,432,井98[都営バス]
20,432,北47(足立清掃工場前-竹の塚駅前)[都営バス]
21,432,北47(竹の塚駅前-北千住駅前)[都営バス]
22,432,反94[都営バス]
23,432,反96[都営バス]
24,432,品91〔八潮方面〕[都営バス]
25,432,品93[都営バス]
26,432,品96乙[都営バス]
27,432,品91〔品川駅方面〕[都営バス]
28,432,品96甲[都営バス]
29,432,品97[都営バス]
30,432,品98[都営バス]
31,432,品99(品川駅港南口-品川埠頭)[都営バス]
32,432,品99(品川埠頭-品川駅港南口)[都営バス]
33,432,上01[都営バス]
34,432,学02[都営バス]
35,432,学03[都営バス]
36,432,学05[都営バス]
37,432,学06[都営バス]
38,432,宿74[都営バス]
39,432,宿74出入[都営バス]
40,432,宿75[都営バス]
41,432,宿75出入[都営バス]
42,432,宿91[都営バス]
43,432,宿91(杉並車庫行き)[都営バス]
44,432,市01[都営バス]
45,432,平23[都営バス]
46,432,平28〔平井方面〕[都営バス]
47,432,平28〔東大島方面〕[都営バス]
48,432,急行05[都営バス]
49,432,急行06[都営バス]
50,432,新小20[都営バス/京成タウンバス]
51,432,新小21(西葛西駅前-新小岩駅前)[都営バス]
52,432,新小21(東小松川車庫前-船堀駅前)[都営バス]
53,432,新小22[都営バス]
54,432,新小22(松江-船堀駅前)[都営バス]
55,432,新小29[都営バス]
56,432,早77[都営バス]
57,432,早81(早大正門-渋谷駅東口)[都営バス]
58,432,木11甲[都営バス]
59,432,木11乙[都営バス]
60,432,東15[都営バス]
61,432,東16(東京駅八重洲口-東京ビッグサイト)[都営バス]
62,432,東16(東雲一丁目-深川車庫前)[都営バス]
63,432,東22[都営バス]
64,432,東42-3[都営バス]
65,432,東42-1[都営バス]
66,432,東42-2[都営バス]
67,432,東43[都営バス]
68,432,梅01〔吉野・御嶽駅方面〕[都営バス]
69,432,梅01〔青梅方面〕[都営バス]
70,432,梅70[都営バス]
71,432,梅74〔成木方面〕[都営バス]
72,432,梅74〔青梅・河辺方面〕[都営バス]
73,432,梅74〔成木循環〕[都営バス]
74,432,梅76丙[都営バス]
75,432,梅76(裏宿町-北小曽木)[都営バス]
76,432,梅76(北小曽木-上成木)[都営バス]
77,432,梅77丁[都営バス]
78,432,梅77丙[都営バス]
79,432,梅77乙[都営バス]
80,432,梅77甲[都営バス]
81,432,梅77甲折返[都営バス]
82,432,業10(新橋-とうきょうスカイツリー駅前)[都営バス]
83,432,業10(豊洲二丁目-深川車庫前)[都営バス]
84,432,業10(豊洲四丁目-深川車庫前)[都営バス]
85,432,橋63[都営バス]
86,432,橋86[都営バス]
87,432,池65[都営バス]
88,432,池86〔渋谷方面〕[都営バス]
89,432,池86〔早稲田方面〕[都営バス]
90,432,波01[都営バス]
91,432,浜95[都営バス]
92,432,海01[都営バス]
93,432,渋66[都営バス/京王バス]
94,432,渋88[都営バス]
95,432,王40(池袋駅東口-西新井駅前)[都営バス]
96,432,王40(飛鳥山-北車庫前)[都営バス]
97,432,王40(豊島二丁目-北車庫前)[都営バス]
98,432,王40〔宮城循環〕[都営バス]
99,432,王41[都営バス]
100,432,王45[都営バス]
101,432,王49(王子駅前-足立区役所)[都営バス]
102,432,王49(足立区役所-千住車庫前)[都営バス]
103,432,王55[都営バス]
104,432,王57[都営バス]
105,432,王78[都営バス]
106,432,田87[都営バス]
107,432,田92[都営バス]
108,432,田99[都営バス]
109,432,白61[都営バス]
110,432,秋26[都営バス]
111,432,端44[都営バス]
112,432,臨海22[都営バス]
113,432,臨海28-1[都営バス]
114,432,臨海28-2[都営バス]
115,432,船28[都営バス]
116,432,茶51(駒込駅南口-秋葉原駅前)[都営バス]
117,432,草24[都営バス]
118,432,草39[都営バス]
119,432,草41[都営バス]
120,432,草43[都営バス]
121,432,草63[都営バス]
122,432,草64(池袋駅東口-浅草雷門)[都営バス]
123,432,草64(とげぬき地蔵前-滝野川三丁目)[都営バス]
124,432,葛西21[都営バス]
125,432,葛西22(葛西駅前-一之江駅前)[都営バス]
126,432,葛西24[都営バス]
127,432,西葛20乙(西葛西駅前-葛西臨海公園駅前)[都営バス]
128,432,西葛20乙(中央卸売市場葛西市場-臨海車庫前)[都営バス]
129,432,西葛20乙(葛西トラックターミナル-臨海車庫前)[都営バス]
130,432,西葛20甲[都営バス]
131,432,西葛26[都営バス]
132,432,西葛27(西葛西駅前-臨海町二丁目団地前)[都営バス]
133,432,西葛27(臨海町一丁目-西葛西駅前)[都営バス]
134,432,豊洲01(キャナルコート方面)[都営バス]
135,432,豊洲01(豊洲一丁目方面)[都営バス]
136,432,都01[都営バス]
137,432,都02(蔵前駅前-本所一丁目)[都営バス]
138,432,都02乙(一ツ橋)[都営バス]
139,432,都02(大塚駅前-錦糸町駅前)[都営バス]
140,432,都02(富坂上-東京ドームシティ)[都営バス]
141,432,都02乙[都営バス]
142,432,都03[都営バス]
143,432,都04[都営バス]
144,432,都05-1[都営バス]
145,432,都05-1出入[都営バス]
146,432,都06[都営バス]
147,432,都07[都営バス]
148,432,都08[都営バス]
149,432,里22(日暮里駅前-亀戸駅前)[都営バス]
150,432,里22(清川-南千住車庫前)[都営バス]
151,432,里48[都営バス]
152,432,里48-2(加賀団地)[都営バス]
153,432,錦11[都営バス]
154,432,錦13(晴海埠頭-錦糸町駅前)[都営バス]
155,432,錦13(晴海埠頭-深川車庫前)[都営バス]
156,432,錦13乙[都営バス]
157,432,錦18[都営バス]
158,432,錦22[都営バス]
159,432,錦25[都営バス]
160,432,錦27-2[都営バス]
161,432,錦27[都営バス]
162,432,錦28[都営バス]
163,432,錦37[都営バス]
164,432,門19[都営バス]
165,432,門21[都営バス]
166,432,門33[都営バス]
167,432,飯62[都営バス]
168,432,飯64(小滝橋車庫前-九段下)[都営バス]
169,432,飯64(西早稲田-早稲田)[都営バス]
170,432,高71[都営バス]
171,432,黒77[都営バス]
172,432,AL01(東大島駅前-チェリーガーデン前)[都営バス]
173,432,AL01(チェリーガーデン前-東大島駅前)[都営バス]
174,432,CH01[都営バス/京王バス]
175,432,FL01[都営バス]
176,432,RH01[都営バス]
177,432,深夜01[都営バス]
178,432,深夜02[都営バス]
179,432,深夜03[都営バス]
180,432,深夜10[都営バス]
181,432,陽20(新砂三丁目アパート-東陽町駅前)[都営バス]
182,432,茶51(本郷二丁目-御茶ノ水駅前)[都営バス]
183,432,都05-2[都営バス]
184,432,渋88出入[都営バス]
185,432,陽20(東陽町駅前-東大島駅前)[都営バス]
186,432,陽20(東大島駅前-新砂三丁目アパート)[都営バス]
187,432,王55折返[都営バス]
188,432,品93出入[都営バス]
189,432,深夜11[都営バス]
190,432,池86〔池袋方面〕[都営バス]
191,432,早81(渋谷駅東口-早大正門)[都営バス]
192,432,井92(八潮パークタウン-大井町駅東口)[都営バス]
193,432,王49(島根三丁目-千住車庫前)[都営バス]
194,432,王49〔ハートアイランド廻り〕[都営バス]
195,432,品93〔車庫発着国道回り〕[都営バス]
196,432,上23(平井操車所-平井七北公園)[都営バス]
197,432,品川駅港南口-港南四丁目[都営バス]
198,432,橋86出入[都営バス]
199,432,錦40[都営バス]
200,432,深夜12[都営バス]
201,432,東43(宮城小学校-豊島五丁目団地)[都営バス]
202,432,臨海28-2〔富士公園前経由〕[都営バス]
203,432,飯64(九段下-小滝橋車庫前)[都営バス]
204,432,上69(上野公園-小滝橋車庫前)[都営バス]
205,432,品97(青山一丁目駅前発着)[都営バス]
206,432,品97〔休日〕[都営バス]
207,432,業10〔夜間〕[都営バス]
208,432,深夜13[都営バス]
209,432,深夜14[都営バス]
210,432,池86〔サンシャイン行き〕[都営バス]
211,432,臨海28-1〔東小松川車庫〕[都営バス]
212,432,直行02[都営バス]
213,432,両28折返[都営バス]
214,432,深夜07〔八潮方面〕[都営バス]
215,432,深夜07〔品川駅方面〕[都営バス]
216,432,王78〔杉並車庫行き〕[都営バス]
217,432,宿75〔女子医大発着〕[都営バス]
218,432,陽12-1[都営バス]
219,432,陽12-2[都営バス]
220,432,陽12-3[都営バス]
221,432,西葛26出入[都営バス]
222,432,茶07[都営バス]
223,432,練68[都営バス]
224,432,臨海28-3[都営バス]
225,432,里48-3[都営バス]
226,432,王49〔東京女子医大医療センター方面〕[都営バス]
227,1592,渋谷-河口湖駅・富士山駅[高速バス]
228,461,夕やけこやけルート(区役所-恵比寿)[ハチ公バス]
229,461,夕やけこやけルート(恵比寿-区役所)[ハチ公バス]
230,575,玉07〔出入庫〕[東急バス]
231,575,井01[東急バス]
232,575,蒲01〔出入庫〕[東急バス]
233,575,蒲01[東急バス]
234,575,井05[東急バス]
235,575,森06 上池上循環〔外回り〕[東急バス]
236,575,蒲12〔出入庫〕[東急バス]
237,575,たまちゃんバス[東急バス]
238,438,代官山循環(渋谷-青葉台2)[東急トランセ]
239,438,代官山循環(青葉台2-渋谷)[東急トランセ]
240,575,反01/反02[東急バス]
241,575,反11/反12[東急バス]
242,575,反11(出庫)[東急バス]
243,575,向02[東急バス]
244,575,品94/井03他[東急バス]
245,575,園01[東急バス]
246,575,中町五丁目-田園調布駅[東急バス]
247,575,多摩01[東急バス]
248,575,都立34/都立35[東急バス]
249,575,用06[東急バス]
250,575,等12[東急バス]
251,575,恵32[東急バス]
252,575,等12〔出入庫〕[東急バス]
253,575,森01/森02[東急バス]
254,575,森02〔出庫〕[東急バス]
255,575,森02〔出入庫〕[東急バス]
256,575,森07 上池上循環〔内回り〕[東急バス]
257,575,森07〔操車所〕[東急バス]
258,575,森08[東急バス]
259,575,森91[東急バス]
260,575,黒09〔下馬営業所方面〕[東急バス]
261,575,渋05[東急バス]
262,575,渋11[東急バス]
263,575,渋11〔都立大〕[東急バス]
264,575,渋12[東急バス]
265,575,渋12〔出入庫〕[東急バス]
266,575,渋21[東急バス]
267,575,渋23[東急バス]
268,575,渋24他[東急バス/小田急バス]
269,575,渋31[東急バス]
270,575,玉12[東急バス]
271,575,渋32[東急バス]
272,575,渋22[東急バス]
273,575,渋43〔新馬場駅前-高輪ゲ―トウェイ駅〕[東急バス]
274,575,渋41・42・43[東急バス]
275,575,渋41・43〔出入庫〕[東急バス]
276,575,渋51[東急バス]
277,575,渋52[東急バス]
278,575,渋55[東急バス]
279,575,渋71[東急バス]
280,575,渋72[東急バス]
281,575,渋72〔出入庫〕[東急バス]
282,575,渋82[東急バス]
283,575,渋82〔出入庫〕[東急バス]
284,575,玉06(出庫)[東急バス]
285,575,玉06[東急バス]
286,575,玉07[東急バス/小田急バス]
287,575,玉11[東急バス]
288,575,玉11〔出入庫〕[東急バス]
289,575,玉31/玉32他[東急バス]
290,575,玉32[東急バス]
291,575,玉30[東急バス]
292,575,用01[東急バス]
293,575,用21[東急バス]
294,575,用22[東急バス]
295,575,タマリバーバス〔等01 玉堤循環〕[東急バス]
296,575,等11[東急バス]
297,575,等13[東急バス]
298,575,自01/自02[東急バス]
299,575,自01/自02〔出入庫〕[東急バス]
300,575,自11/自12[東急バス]
301,575,蒲12[東急バス]
302,575,森05[東急バス]
303,575,都立01[東急バス]
304,575,都立01【臨時】[東急バス]
305,575,黒01[東急バス]
306,575,黒02[東急バス]
307,575,黒06[東急バス]
308,575,黒07[東急バス]
309,575,黒09[東急バス]
310,575,東98[東急バス]
311,575,渋72[縁日][東急バス]
312,575,渋72[縁日]〔出入庫〕[東急バス]
313,575,TDR(TDR-武蔵小杉・二子玉川)[東急バス]
314,575,玉04/玉05[東急バス]
315,575,森01[東急バス]
316,1592,さわやか信州号〔渋谷-上高地〕[高速バス]
317,575,TDR(武蔵小杉・二子玉川-TDR)[東急バス]
318,1592,渋谷相良線〔渋谷-藤枝・相良〕[高速バス]
319,1592,渋谷-軽井沢・草津[高速バス]
320,575,玉21[東急バス]
321,1592,サテライトビズライナー[高速バス]
322,1592,渋谷-木更津・袖ヶ浦BT[高速バス]
323,1592,シーバレー号〔渋谷-安房鴨川〕[高速バス]
324,1592,渋谷-三井アウトレットパーク木更津[高速バス]
325,575,反12[東急バス]
326,575,用賀駅-弦巻営業所[東急バス]
327,575,用賀駅-成城学園前駅[東急バス]
328,575,等21[東急バス]
329,461,神宮の杜ルート[ハチ公バス]
330,461,神宮の杜ルート〔渋谷駅行〕[ハチ公バス]
331,1599,西大井駅-大森駅北口[しなバス]
332,1592,渋谷駅-成田空港[高速バス]
333,470,貫井前原循環[CoCoバス]
334,470,中町循環〔西行き〕[CoCoバス]
335,470,中町循環〔東行き〕[CoCoバス]
336,470,東町循環[CoCoバス]
337,470,北東部循環[CoCoバス]
338,433,NT急行〔多摩センター-南大沢駅〕[京王バス]
339,433,日50〔直行〕[京王バス]
340,433,山01〔熊野神社前-高尾山口駅〕[京王バス]
341,473,けやき路線[すぎ丸]
342,473,さくら路線〔下高井戸駅方向〕[すぎ丸]
343,473,さくら路線〔浜田山駅南方向〕[すぎ丸]
344,433,宿32/宿35[京王バス]
345,433,高01[京王バス]
346,433,052・050〔渋谷駅-新宿駅西口-東京八重洲〕[京王バス]
347,446,是政循環[ちゅうバス]
348,433,渋60[京王バス]
349,446,多磨町ルート[ちゅうバス]
350,446,南町・四谷循環〔よつや苑西ルート〕[ちゅうバス]
351,446,北山町循環[ちゅうバス]
352,461,春の小川ルート[ハチ公バス]
353,471,東元町ルート[ぶんバス(国分寺市)]
354,471,日吉町ルート〔市役所方面〕[ぶんバス(国分寺市)]
355,471,日吉町ルート〔西国分寺駅方面〕[ぶんバス(国分寺市)]
356,433,み03[京王バス]
357,433,み04[京王バス]
358,433,み05[京王バス]
359,433,八67/八90[京王バス]
360,433,め82<和田経由>[京王バス]
361,433,稲12<長峰経由>[京王バス/小田急バス]
362,433,稲13長峰循環〔稲城駅-長峰〕[京王バス]
363,433,稲22<稲城市立病院経由>[京王バス]
364,433,永12[京王バス/神奈川中央交通]
365,433,永14[京王バス]
366,433,永34[京王バス]
367,462,永53〔永山駅-唐木田駅〕[多摩市ミニバス]
368,462,永52〔永山駅-唐木田駅〕[多摩市ミニバス]
369,433,永65[京王バス/神奈川中央交通]
370,433,永66[京王バス/神奈川中央交通]
371,462,永71[多摩市ミニバス]
372,433,西国44&西国45[京王バス]
373,433,吉14[京王バス/小田急バス]
374,433,丘19[京王バス]
375,433,丘21[京王バス]
376,433,烏51[京王バス]
377,433,歳23[京王バス]
378,433,丘22[京王バス]
379,433,丘21/丘31[京王バス]
380,433,急行〔西八王子駅-法政大学体育館〕<めじろ台駅経由>[京王バス]
381,433,境81<井口日赤入口経由>[京王バス]
382,433,丘31〔狛江駅経由〕[京王バス]
383,433,高32[京王バス]
384,444,南平路線D〔高幡不動駅-豊田駅北口〕[日野市ミニバス]
385,444,南平路線D〔豊田駅北口-高幡不動駅〕[日野市ミニバス]
386,433,高11[京王バス]
387,444,三沢台路線W[日野市ミニバス]
388,433,高21〔高幡不動駅-百草団地〕[京王バス]
389,433,高22/高27他[京王バス]
390,433,高23<百草団地入口経由>[京王バス]
391,433,高25<百草団地経由>[京王バス]
392,433,高46[京王バス]
393,433,高45/新02[京王バス/関東バス]
394,444,市内路線S[日野市ミニバス]
395,444,川辺堀之内路線K[日野市ミニバス]
396,433,高31[京王バス]
397,433,高23急行〔高尾〕[京王バス]
398,433,高24/高25[京王バス]
399,433,高24〔高尾駅-穎明館構内〕[京王バス]
400,433,高26/高27[京王バス]
401,433,国01/国02/国03/府21[京王バス]
402,433,国17<谷保駅経由>[京王バス]
403,433,国18[京王バス]
404,433,桜06/桜07[京王バス]
405,433,桜07<連光寺・多摩東公園経由>[京王バス]
406,433,中02/桜08[京王バス]
407,433,桜19[京王バス]
408,433,桜18[京王バス]
409,433,桜22〔聖蹟桜ヶ丘駅-諏訪四丁目〕[京王バス/神奈川中央交通]
410,433,桜22〔諏訪四丁目-聖蹟桜ヶ丘駅〕[京王バス/神奈川中央交通]
411,433,桜25[京王バス]
412,433,桜27[京王バス]
413,433,桜46<大橋経由>[京王バス]
414,433,桜47<市役所経由>[京王バス]
415,433,桜62/桜63[京王バス]
416,433,桜64<多摩市役所経由>[京王バス]
417,433,桜65<聖ヶ丘病院前経由>[京王バス]
418,433,桜72[京王バス]
419,433,桜73[京王バス]
420,433,桜80<帝京大学入口経由>[京王バス]
421,433,桜81[京王バス]
422,433,桜83<帝京大学入口経由>[京王バス]
423,433,桜84〔聖蹟桜ヶ丘駅-南大沢駅〕[京王バス/神奈川中央交通]
424,433,多11/多17[京王バス]
425,433,桜87[京王バス]
426,433,桜88<帝京大学入口・大竹橋経由>[京王バス]
427,433,寺83[京王バス]
428,433,寺85[京王バス]
429,433,寺91<明星学苑経由>[京王バス]
430,433,寺92<東八道路経由>[京王バス]
431,433,調36[京王バス]
432,433,府02[京王バス]
433,433,若01[京王バス]
434,433,若02[京王バス]
435,433,渋61[京王バス]
436,433,渋63[京王バス]
437,433,渋64〔中野車庫〕[京王バス]
438,433,渋64[京王バス]
439,433,南60[京王バス]
440,433,桜91/桜92[京王バス]
441,433,NHK[京王バス]
442,433,宿33[京王バス]
443,433,宿41[京王バス]
444,433,宿45[京王バス]
445,433,宿51[京王バス]
446,433,西56<めじろ台駅経由>[京王バス]
447,433,西62[京王バス]
448,433,多01[京王バス]
449,433,多01/多03[京王バス/神奈川中央交通]
450,433,多11[京王バス]
451,433,多16[京王バス]
452,433,多17[京王バス]
453,433,多43/多44/多45[京王バス]
454,433,多61/桜63[京王バス/神奈川中央交通]
455,433,多61[京王バス/神奈川中央交通]
456,433,多05[京王バス]
457,433,豊55[京王バス]
458,433,鷹64[京王バス]
459,433,永福町-久我山駅[京王バス]
460,433,鷹66[京王バス/小田急バス]
461,433,中03<日電正門経由>[京王バス]
462,433,中71[京王バス]
463,433,中81/中82他[京王バス]
464,433,中83[京王バス]
465,433,中91[京王バス]
466,433,中92[京王バス]
467,433,調01[京王バス/小田急バス]
468,433,調21[京王バス]
469,433,調35[京王バス/小田急バス]
470,433,調35〔新道経由〕[京王バス/小田急バス]
471,433,調43[京王バス]
472,433,調51[京王バス]
473,433,東01[京王バス]
474,433,南51[京王バス/神奈川中央交通]
475,433,南52[京王バス/神奈川中央交通]
476,433,南60/南61[京王バス]
477,433,南62<水甫緑地経由>[京王バス]
478,433,堀64/南64<首都大南大沢北経由>[京王バス]
479,433,日01[京王バス]
480,433,日02/日03[京王バス]
481,433,日04[京王バス]
482,444,旭が丘循環A〔旭が丘六丁目-豊田駅北口〕[日野市ミニバス]
483,444,旭が丘循環A〔豊田駅北口-旭が丘六丁目〕[日野市ミニバス]
484,433,堀05[京王バス]
485,433,日11[京王バス]
486,433,日50[京王バス]
487,433,八04[京王バス]
488,433,八06[京王バス]
489,433,八59[京王バス]
490,433,八60[京王バス]
491,433,八61[京王バス]
492,433,八65[京王バス]
493,433,八66他[京王バス]
494,433,八69[京王バス]
495,433,八70急行[京王バス]
496,433,八81/八84[京王バス]
497,433,八91<山田駅経由>[京王バス]
498,433,八94[京王バス]
499,433,八王子車庫-八王子駅北口[京王バス]
500,433,経02[京王バス/小田急バス]
501,433,八02[京王バス]
502,433,飛01<多磨駅経由>[京王バス]
503,433,調34[京王バス]
504,433,調34〔新道経由〕[京王バス]
505,433,国03〔総合医療センター〕[京王バス]
506,433,府52[京王バス]
507,433,府61[京王バス]
508,433,府75〔東府中駅-武蔵小金井駅南口〕[京王バス]
509,433,武02<武蔵小金井駅北口経由>[京王バス]
510,433,武31[京王バス]
511,433,武41[京王バス]
512,433,武51 西之久保循環[京王バス]
513,433,武71〔府中駅-武蔵小金井駅南口〕<一本木経由>[京王バス]
514,433,武42[京王バス]
515,433,武73〔府中駅-武蔵小金井駅南口〕<学園通経由>[京王バス]
516,433,武91[京王バス]
517,433,分52[京王バス]
518,433,分53<日電正門・都営泉二丁目・万願寺経由>[京王バス]
519,433,平01/平02/平04[京王バス]
520,433,北21/北22[京王バス]
521,433,平04[京王バス]
522,444,平山循環H〔豊田駅北口-都営平山四丁目アパート〕[日野市ミニバス]
523,444,平山循環H〔都営平山四丁目アパート-豊田駅北口〕[日野市ミニバス]
524,433,豊32/豊33[京王バス]
525,433,豊41[京王バス]
526,433,豊56<第二中学校経由>[京王バス]
527,433,北03他[京王バス]
528,433,北04[京王バス]
529,433,北05[京王バス]
530,433,北10<北野台五丁目経由>[京王バス]
531,433,北06[京王バス]
532,433,北09<打越新道経由>[京王バス]
533,433,桜84〔南大沢駅-相模原駅〕/南84[京王バス/神奈川中央交通]
534,433,南63<多摩美大前・上柚木経由>[京王バス]
535,433,堀01[京王バス/神奈川中央交通]
536,433,堀03<長池小学校入口経由>[京王バス/神奈川中央交通]
537,433,平02/堀04[京王バス]
538,433,堀02[京王バス/神奈川中央交通]
539,433,堀33[京王バス]
540,433,寺86[京王バス]
541,433,八63[京王バス]
542,433,飛02他[京王バス]
543,433,西府01[京王バス]
544,433,調33他[京王バス]
545,471,本多ルート[ぶんバス(国分寺市)]
546,471,万葉・けやきルート[ぶんバス(国分寺市)]
547,446,押立町ルート[ちゅうバス]
548,446,押立町ルート〔競艇場前駅方面〕[ちゅうバス]
549,446,朝日町ルート[ちゅうバス]
550,446,朝日町ルート〔武蔵野台駅方面〕[ちゅうバス]
551,433,八58[京王バス]
552,433,八99<市民会館経由>[京王バス]
553,433,桜28[京王バス]
554,433,武66〔武蔵小金井駅南口-府中営業所〕[京王バス]
555,433,西府01/西国01[京王バス]
556,433,武93<貫井トンネル経由>[京王バス]
557,446,四谷循環〔四谷六丁目ルート〕[ちゅうバス]
558,433,渋68[京王バス]
559,433,八01[京王バス]
560,461,丘を越えてルート〔上原方面〕[ハチ公バス]
561,461,丘を越えてルート〔渋谷方面〕[ハチ公バス]
562,433,渋69[京王バス]
563,433,八62[京王バス]
564,433,八64[京王バス]
565,433,八南01<万町経由>[京王バス]
566,433,深夜急行〔聖蹟桜ヶ丘・八王子系統〕[京王バス]
567,433,深夜急行〔調布・府中系統〕[京王バス]
568,433,深夜急行〔府中・国立系統〕[京王バス]
569,433,深夜急行〔京王線沿線経由〕[京王バス]
570,433,深夜急行〔井の頭線沿線経由〕[京王バス]
571,433,武84/武85〔貫井トンネル経由〕[京王バス]
572,433,武85/武95/磨01[京王バス]
573,433,武94/武95〔前原坂経由〕[京王バス]
574,433,NT急行〔南大沢駅-橋本駅〕[京王バス]
575,433,深夜急行〔多摩センター系統〕[京王バス]
576,433,永70/永72[京王バス]
577,433,八96他[京王バス]
578,433,境82[京王バス]
579,433,新宿御苑ルート[新宿WEバス]
580,433,新宿御苑ルート〔新宿通り経由〕[新宿WEバス]
581,433,寺01[京王バス]
582,433,多13[京王バス]
583,433,調37[京王バス]
584,462,永53〔唐木田駅-永山駅〕[多摩市ミニバス]
585,462,永52〔唐木田駅-永山駅〕[多摩市ミニバス]
586,444,落川系統O[日野市ミニバス]
587,433,みたかシティバス新川・中原ルート[京王バス/小田急バス]
588,433,西国44&西国45<第七小学校正門経由>[京王バス]
589,433,府42[京王バス]
590,433,府42&府46[京王バス]
591,433,府46[京王バス]
592,473,けやき路線〔永福町方向〕[すぎ丸]
593,433,高幡不動駅-帝京大学小学校〔直行バス〕[京王バス]
594,433,聖蹟桜ヶ丘駅-帝京大学小学校〔直行バス〕[京王バス]
595,433,立65〔高幡不動駅-日野駅〕[京王バス]
596,433,立65/立66[京王バス]
597,433,聖蹟桜ヶ丘駅-桜ヶ丘車庫[京王バス]
598,433,八97[京王バス]
599,462,永72〔永山駅-愛宕〕[多摩市ミニバス]
600,462,永72〔愛宕-多摩センター駅〕[多摩市ミニバス]
601,433,高28[京王バス]
602,433,多18〔陽光台方面〕[京王バス]
603,433,多18〔多摩センター駅方面〕[京王バス]
604,433,め83[京王バス]
605,433,山01[京王バス]
606,433,山03[京王バス]
607,433,歌舞伎町ルート[新宿WEバス]
608,433,新宿駅西側循環[新宿WEバス]
609,433,出入庫系統[新宿WEバス]
610,433,多摩センター駅-帝京大学小学校〔直行バス〕[京王バス]
611,433,調39[京王バス]
612,433,調45〔多摩川住宅方面〕[京王バス]
613,433,調45〔調布駅方面〕[京王バス]
614,433,調46〔多摩川住宅方面〕[京王バス]
615,433,調46〔調布駅方面〕[京王バス]
616,433,[め小01]nearくる〔キャッシュレス決済のみ〕[京王バス]
617,433,高34[京王バス]
618,433,永80[京王バス]
619,424,吉14・鷹66〔新道経由〕[小田急バス]
620,433,中92<1回目の停車>[京王バス]
621,433,八60<1回目の停車>[京王バス]
622,433,八61<1回目の停車>[京王バス]
623,475,秋津駅-清瀬駅北口[きよバス]
624,475,清瀬駅南口-志木街道-秋津駅[きよバス]
625,452,大泉ルート[みどりバス]
626,475,清瀬駅南口-緑蔭通り-秋津駅[きよバス]
627,425,土支田循環〔高松幼稚園西経由〕[西武バス/国際興業バス]
628,465,第1ルート[はなバス]
629,465,第2ルート〔東伏見駅〕[はなバス]
630,425,立33[西武バス]
631,465,第3ルート[はなバス]
632,465,第2ルート〔ひばりヶ丘駅〕[はなバス]
633,452,関町ルート(順天堂-上石神井)[みどりバス]
634,452,関町ルート(上石神井-関町)[みどりバス]
635,488,小平駅-津田公民館[にじバス]
636,488,津田公民館-小平駅[にじバス]
637,425,ひばり81/82[西武バス]
638,425,荻11[西武バス/関東バス]
639,425,荻12[西武バス]
640,425,荻13/荻14[西武バス]
641,425,荻15他[西武バス]
642,425,荻17[西武バス]
643,425,下里団地循環(下里団地-清瀬)[西武バス]
644,466,循環ルート(市役所-上北台駅)[ちょこバス]
645,425,花01/花02[西武バス]
646,425,吉60他[西武バス]
647,425,吉61他/吉62他[西武バス]
648,425,保02(高塚-鳥久保)[西武バス]
649,425,吉63[西武バス]
650,425,吉64[西武バス]
651,425,保02[西武バス]
652,425,保03[西武バス]
653,425,吉66他[西武バス]
654,425,久11[西武バス]
655,425,久11-1/11-2(久米川-所沢)[西武バス]
656,425,久11-1/11-2(所沢-久米川)[西武バス]
657,425,久84[西武バス]
658,425,久米川-小平営業所[西武バス]
659,425,久留52[西武バス]
660,425,境03/田42/ひばり83[西武バス]
661,425,境04/田43[西武バス]
662,425,境05[西武バス]
663,425,境07/08/田44[西武バス]
664,425,寺61[西武バス]
665,425,寺62[西武バス]
666,425,寺71/72[西武バス]
667,425,宿20他[西武バス]
668,425,所46[西武バス]
669,425,小手03[西武バス]
670,425,小平営業所出入(小平-小平営業所)[西武バス]
671,425,深夜急行バス[西武バス]
672,425,清02/03[西武バス]
673,425,清11[西武バス]
674,425,清63他[西武バス]
675,425,清64[西武バス]
676,425,清64-2[西武バス]
677,425,清瀬深夜[西武バス]
678,425,西03[西武バス/関東バス]
679,425,石02他[西武バス/国際興業バス]
680,358,石03[国際興業バス]
681,425,石21[西武バス]
682,425,泉30他[西武バス]
683,425,泉33/泉34/泉35/泉37[西武バス]
684,425,泉38/38-3[西武バス]
685,425,泉38-1/泉38-2他[西武バス]
686,425,泉39他[西武バス]
687,425,鷹21[西武バス/関東バス]
688,425,鷹22[西武バス]
689,425,田41[西武バス]
690,425,土支田循環〔光が丘高校角経由〕[西武バス/国際興業バス]
691,425,入市40他/51他/61他〔入間市駅-MOP-箱根ヶ崎駅〕[西武バス]
692,425,入市32[西武バス]
693,425,入市32他/入市33他/入市34[西武バス]
694,425,飯41他/飯42[西武バス]
695,425,武12[西武バス]
696,425,武13[西武バス]
697,425,武14/武15[西武バス]
698,425,武17[西武バス]
699,425,武19(西町経由)[西武バス]
700,425,武19[西武バス]
701,425,武20他[西武バス]
702,425,武21[西武バス]
703,425,イオンモールシャトル〔東久留米循環ルート〕[西武バス]
704,425,立32[西武バス]
705,425,立34[西武バス]
706,425,立35他[西武バス]
707,425,立37他[西武バス]
708,425,立39[西武バス]
709,425,立38[西武バス]
710,425,立40[西武バス]
711,425,立45[西武バス]
712,425,立71[西武バス/立川バス]
713,425,立72[西武バス]
714,425,立川-小平営業所[西武バス]
715,425,練40[西武バス]
716,425,練41[西武バス]
717,425,練42[西武バス]
718,425,練43[西武バス]
719,425,練48[西武バス]
720,425,練47[西武バス]
721,425,練高01/練高02/光31[西武バス]
722,425,練高03[西武バス]
723,425,ひばり71他[西武バス]
724,425,ひばり73他[西武バス]
725,425,久留21/22他[西武バス]
726,425,久留24[西武バス]
727,425,所18他[西武バス]
728,425,小手06/小手07他[西武バス]
729,425,清61-1[西武バス]
730,425,清61他[西武バス]
731,425,清62[西武バス]
732,425,清66[西武バス]
733,425,泉32他[西武バス]
734,425,荻15/泉35-7[西武バス]
735,452,保谷ルート[みどりバス]
736,425,和40[西武バス]
737,452,南大泉ルート[みどりバス]
738,425,荻18[西武バス]
739,425,寺61/62/63/64[西武バス]
740,425,立70[西武バス/立川バス]
741,375,南路線吾妻循環右回り(保健センター-西武園)[ところバス]
742,375,南路線吾妻循環右回り(西武園-所沢西口)[ところバス]
743,375,南路線吾妻循環左回り(西武園-保健センター)[ところバス]
744,375,南路線吾妻循環左回り(所沢西口-西武園)[ところバス]
745,474,久米川町循環[グリーンバス]
746,474,諏訪町循環[グリーンバス]
747,474,東村山駅東口-多摩北部医療センター-新秋津駅[グリーンバス]
748,466,往復ルート[ちょこバス]
749,466,循環ルート[ちょこバス]
750,474,東村山駅西口-久米川駅南口[グリーンバス]
751,425,吉祥寺-東京ディズニーリゾート線[西武バス]
752,425,久11-1/11-2(久米川-所沢)〔新秋津駅〕[西武バス]
753,1592,東京-大阪/ドリームルリエ号[高速バス]
754,1592,東京-京都・大阪・兵庫/グランドリーム号[高速バス]
755,1592,東京・神奈川-京都・大阪/グラン昼特急[高速バス]
756,1592,東京-京都・大阪/青春エコドリーム号[高速バス]
757,1592,東京・神奈川-京都・大阪/青春昼特急[高速バス]
758,1592,神奈川-京都・大阪/青春ドリーム横浜号[高速バス]
759,1592,神奈川-京都・大阪/グランドリーム横浜号[高速バス]
760,1592,神奈川-京都・大阪/横浜グラン昼特急大阪号[高速バス]
761,1592,東京-富山・石川/グランドリーム金沢号[高速バス]
762,1592,東京-福島/あぶくま号[高速バス]
763,1592,東京-福島/いわき号[高速バス]
764,1592,東京-岩手・青森/ドリーム青森/盛岡・東京号[高速バス]
765,1592,東京-福島/夢街道会津号[高速バス]
766,1592,東京-山形/ドリーム山形・新宿号[高速バス]
767,1592,東京-宮城/首都圏-仙台〔JR・昼行便〕[高速バス]
768,1592,東京-宮城/首都圏-仙台〔JR・ドリーム号〕[高速バス]
769,1592,東京-福島/ドリーム福島・東京号[高速バス]
770,1592,東京-秋田/ドリーム秋田・東京号[高速バス]
771,1592,東京-長野/中央高速バス〔新宿-諏訪・岡谷〕[高速バス]
772,1592,東京-福井/ドリーム福井号[高速バス]
773,1592,東京-静岡/新宿-静岡[高速バス]
774,1592,東京-静岡/しみずライナー[高速バス]
775,1592,東京-静岡/渋谷・新宿ライナー浜松号[高速バス]
776,1592,東京-愛知/ドリームなごや号[高速バス]
777,1592,東京-岐阜・愛知/中央ライナーなごや号[高速バス]
778,1592,東京-栃木/マロニエ新宿号[高速バス]
779,1592,東京-栃木/マロニエ東京号[高速バス]
780,1592,東京-千葉/新宿-TDR[高速バス]
781,1592,東京-静岡/御殿場プレミアム・アウトレット号[高速バス]
782,1592,東京-静岡・愛知/東名ハイウェイバス[高速バス]
783,1592,東京-静岡/ドリーム静岡・浜松号[高速バス]
784,1592,東京-栃木/那須・塩原号[高速バス]
785,1592,東京-山梨/東京駅-富士急HL・河口湖・山中湖[高速バス]
786,1592,東京-千葉/房総なのはな・新宿なのはな号[高速バス]
787,1592,東京-群馬/上州ゆめぐり号[高速バス]
788,1592,東京-茨城/つくば号[高速バス]
789,1592,東京-茨城/ミッドナイトつくば号[高速バス]
790,1592,東京-埼玉/東京-吉川・松伏[高速バス]
791,1592,東京-埼玉/東京-吉川・松伏〔深夜便〕[高速バス]
792,1592,東京-茨城/みと号[高速バス]
793,1592,東京・新宿-本庄・伊勢崎[高速バス]
794,1592,東京-茨城/はさき号[高速バス]
795,1592,東京-茨城/かしま号[高速バス]
796,1592,千葉・神奈川-愛知/ファンタジアなごや号[高速バス]
797,1592,東京-千葉/ミッドナイト新宿館山号[高速バス]
798,1592,東京-愛知/知多シーガル号[高速バス]
799,1592,東京-島根/スサノオ号[高速バス]
800,1592,東京-広島/ニューブリーズ号[高速バス]
801,1592,東京-徳島/ドリーム阿南・徳島号[高速バス]
802,1592,東京-長野/新宿-佐久・小諸[高速バス]
803,1592,東京-富山・石川/青春ドリーム金沢号[高速バス]
804,1592,東京-茨城/ミッドナイトみと号[高速バス]
805,1592,東京-栃木/ミッドナイトマロニエ号[高速バス]
806,1592,東京・神奈川-岡山・広島/ドリーム岡山・広島号[高速バス]
807,1592,東京-茨城/ミッドナイトかしま号[高速バス]
808,1592,東京-千葉/マイタウン・ダイレクトバス〔新浦安〕[高速バス]
809,1592,東京-福井/青春ドリーム福井号[高速バス]
810,1592,愛知-東京/ドリーム知多号[高速バス]
811,1592,エアポートバス東京・成田〔TYO-NRT〕[高速バス]
812,1592,東京-埼玉/東京駅-ムーミンバレーパーク[高速バス]
813,1592,東京-茨城/東京-境町[高速バス]
814,477,田町ルート[ちぃばす]
815,477,芝浦車庫出入[ちぃばす]
816,477,赤坂ルート(六本木ヒルズ-赤坂駅前)[ちぃばす]
817,477,赤坂ルート(赤坂駅前-六本木ヒルズ)[ちぃばす]
818,477,芝ルート[ちぃばす]
819,477,麻布東ルート[ちぃばす]
820,477,麻布西ルート[ちぃばす]
821,477,高輪ルート[ちぃばす]
822,477,高輪ルート(高輪地区総合支所)[ちぃばす]
823,477,芝浦港南ルート(田町-芝浦ふ頭)[ちぃばす]
824,477,芝浦港南ルート(田町-品川)[ちぃばす]
825,477,青山ルート[ちぃばす]
826,1592,大和田シャトル:SS04系統[フジエクスプレス]
827,1592,渋谷シャトル:SS01系統[フジエクスプレス]
828,1592,渋谷シャトル:SS02系統[フジエクスプレス]
829,1592,渋谷シャトル:SS03系統[フジエクスプレス]
830,1592,渋谷シャトル:SS05系統[フジエクスプレス]
831,1592,水陸両用バス TOKYO NO KABA[フジエクスプレス]
832,477,芝浦港南ルート(日の出桟橋入口)[ちぃばす]
833,435,立85:立川駅-東中神駅[立川バス]
834,435,立80/81/82/85/86/88/89:立川駅-拝島営業所・他[立川バス]
835,435,立88/立89:立川駅-福生市役所[立川バス]
836,435,立81:立川駅-昭島駅[立川バス]
837,435,立14-3/15-2他:立川駅-柏町一丁目-松中団地[立川バス]
838,435,立15-3他:松中団地-拝島駅北入口[立川バス]
839,435,立86:立川駅南口-拝島営業所[立川バス]
840,435,中01:中神駅北口-西武立川駅南口[立川バス]
841,435,中02:昭島駅南口-中神駅北口[立川バス]
842,435,拝11/12/立82:拝島営業所-拝島駅[立川バス]
843,435,拝11/12/立82/88:拝島駅-拝島営業所・立川駅[立川バス]
844,435,拝12-3/立82/昭32:立川駅-拝島駅[立川バス]
845,435,昭11:拝島駅-拝島駅北入口-昭島駅[立川バス]
846,435,立19他〔立川駅北口→もくせいの杜〕[立川バス]
847,435,国15[立川バス]
848,435,国20-2他(国立駅南口-郵政正門)[立川バス]
849,435,国20-2他(郵政正門-国立駅南口)[立川バス]
850,435,国15-1[立川バス]
851,435,玉12-1/12-2/立25:玉川上水駅-イオン・武蔵村山病院[立川バス]
852,435,立22/23/玉10/立25:立川駅-玉川上水駅-村山団地[立川バス]
853,435,立22/23/玉10:村山団地-玉川上水駅・立川駅[立川バス]
854,435,立22/23/玉10/立25/立25-1:玉川上水駅-立川駅[立川バス]
855,435,立21/立21-2[立川バス]
856,435,立20-1[立川バス]
857,435,立27他(立川駅北口-保安本部)[立川バス]
858,435,立27他(保安本部-立川駅北口)[立川バス]
859,435,国29/27/玉18:国立駅北口・幸町二丁目-玉川上水駅南口[立川バス]
860,435,国21[立川バス]
861,435,国26[立川バス]
862,435,国25[立川バス]
863,435,国23(国立駅北口-二ツ塚)[立川バス]
864,435,国22(国立駅北口-二ツ塚)[立川バス]
865,435,寺50[立川バス]
866,435,寺51他[立川バス]
867,435,寺53/寺52/寺54[立川バス]
868,435,寺57[立川バス]
869,435,玉13[立川バス]
870,435,立93(立川駅北口-柏町一丁目)[立川バス]
871,435,立90[立川バス]
872,435,国13/国14(国立駅南口-桐朋)[立川バス]
873,435,国13-2[立川バス]
874,435,国14-2(国立駅南口-郵政正門)[立川バス]
875,435,国16/国16-2/国16-3/国42[立川バス]
876,435,国04[立川バス]
877,435,国10/国10-2/国11/国12/国41[立川バス]
878,435,立53[立川バス]
879,435,立30/31:立川駅-若葉町団地-武蔵野美術大学[立川バス]
880,435,立31:立川駅-若葉町団地〔ロータリー内より発車〕[立川バス]
881,435,国15-2[立川バス]
882,435,立18-1[立川バス]
883,435,立28(立川駅北口-泉市民体育館)[立川バス]
884,435,立10/11/12/13:立川駅-イオン・三ツ藤・箱根ヶ崎[立川バス]
885,435,立10/11/12/13/昭24:立川駅-三ツ藤・箱根ヶ崎(瑞穂側)[立川バス]
886,435,立13:立川駅-イオンモール[立川バス]
887,435,羽12-1/17:羽村駅-長岡-箱根ヶ崎駅西口[立川バス]
888,435,羽17:長岡-羽村駅[立川バス]
889,435,羽13/羽14[立川バス]
890,435,福13[立川バス]
891,435,福12[立川バス]
892,435,福15[立川バス]
893,435,福14[立川バス]
894,435,昭22他[立川バス]
895,435,昭22-2他[立川バス]
896,435,昭23/24/立11他:昭島駅-イオンモール・箱根ヶ崎駅東口[立川バス]
897,435,拝17/拝16[立川バス]
898,435,拝18/拝19[立川バス]
899,435,福18[立川バス]
900,435,昭30/昭31/昭32(昭島駅南口-田中町団地)[立川バス]
901,435,昭30/昭31/昭32(田中町団地-緑町一丁目)[立川バス]
902,435,昭15他:昭島駅-西砂川循環[立川バス]
903,435,昭15:西砂川-昭島駅[立川バス]
904,435,イオン01/立13-1:イオン-箱根ヶ崎駅[立川バス]
905,435,IHI01:箱根ヶ崎駅西口-I・H・I[立川バス]
906,435,立93(柏町一丁目-立川駅北口)[立川バス]
907,435,国13/国14(桐朋-国立駅南口)[立川バス]
908,435,国14-2(郵政正門-国立駅南口)[立川バス]
909,435,立28(泉市民体育館-立川駅北口)[立川バス]
910,435,国22・国26(二ツ塚-国立駅北口)[立川バス]
911,435,国23(二ツ塚-国立駅北口)[立川バス]
912,435,立16/17他:立川駅-大山団地折返場-東中神駅北口[立川バス]
913,435,立16/17/19他:東中神駅北口-大山団地折返場-立川駅[立川バス]
914,435,立16-3/立17-3:大山団地始発立川駅行[立川バス]
915,435,立14-2他:立川駅-市役所-松中団地[立川バス]
916,435,国20-4/国20-5[立川バス]
917,435,立26(立川駅北口-高松町三丁目-立飛東門)[立川バス]
918,435,国24-2他〔国立駅北口→並木町二丁目〕[立川バス]
919,435,立15-5:立川駅-柏町一丁目-松中団地[立川バス]
920,435,立15-4/15-5/拝13:松中団地-拝島駅[立川バス]
921,435,立15-4:立川駅-市役所-松中団地[立川バス]
922,435,立12:立川駅-柏町一丁目-箱根ヶ崎駅[立川バス]
923,435,玉17[立川バス]
924,435,立26(立川駅北口-地方合同庁舎-立飛東門)[立川バス]
925,435,国24-2他〔並木町二丁目→国立駅北口〕[立川バス]
926,435,昭13:西武立川駅南口-松中団地操車場[立川バス]
927,435,玉18[立川バス]
928,435,玉31/玉41[立川バス]
929,435,玉31−1/玉41−1[立川バス]
930,435,立51:立川駅-けやき台団地[立川バス]
931,435,昭32[立川バス]
932,451,羽村東コース〔市役所→三慶病院〕[はむらん]
933,451,羽村東コース〔三慶病院→羽村駅〕[はむらん]
934,451,羽村東コース〔双葉町→羽村駅〕[はむらん]
935,451,羽村西コース〔郷土博物館方面〕[はむらん]
936,451,羽村西コース〔いこいの里方面〕[はむらん]
937,451,羽村西コース〔市役所→羽村駅〕[はむらん]
938,451,小作コース〔小作駅方面〕[はむらん]
939,451,小作コース〔小作本町方面〕[はむらん]
940,451,小作コース〔いこいの里方面〕[はむらん]
941,451,小作コース〔羽村駅方面〕[はむらん]
942,451,羽村中央コース[はむらん]
943,430,暁21[西東京バス]
944,430,16号21[西東京バス]
945,430,市02/市03[西東京バス]
946,430,工01/工02[西東京バス]
947,430,秋01他〔八王子駅方面〕[西東京バス]
948,430,秋01/秋02/秋03/秋04/八24[西東京バス]
949,430,八30[西東京バス]
950,430,八王子駅-サマーランド〔直通〕[西東京バス]
951,430,秋川駅-サマーランド〔直通〕[西東京バス]
952,430,16号06〔八王子駅方面〕[西東京バス]
953,430,16号06〔創価大学方面〕[西東京バス]
954,430,ひ02/ひ05〔八王子駅方面〕[西東京バス]
955,430,ひ02/ひ04/ひ05〔創価・純心方面〕[西東京バス]
956,430,バ01[西東京バス]
957,430,日21[西東京バス]
958,430,大01/大02[西東京バス]
959,430,大03他[西東京バス]
960,430,大05[西東京バス]
961,430,八王子駅-工学院大学〔直通〕[西東京バス]
962,430,京王-純心女子学園〔急行〕[西東京バス]
963,430,ひ01/ひ03/ひ07/ひ08[西東京バス]
964,430,ひ08[西東京バス]
965,430,16号04/16号11[西東京バス]
966,430,い11[西東京バス]
967,430,市11[西東京バス]
968,430,市01<市役所入口経由>[西東京バス]
969,430,大11[西東京バス]
970,430,美11/医01他[西東京バス]
971,430,美21他[西東京バス]
972,430,元八11他〔ホーメストタウン方面〕[西東京バス]
973,430,元八11他〔高尾駅方面〕[西東京バス]
974,430,元八21<中央道八王子バス停下経由>[西東京バス]
975,430,元八12〔ホーメストタウン方面(買物バス)〕[西東京バス]
976,430,住01[西東京バス]
977,430,美31他[西東京バス]
978,430,元八02<二分方入口経由>[西東京バス]
979,430,元八03[西東京バス]
980,430,陣04他[西東京バス]
981,430,うえ01/うえ03[西東京バス]
982,430,うえ02[西東京バス]
983,430,陣02[西東京バス]
984,430,陣01[西東京バス]
985,430,陣05[西東京バス]
986,430,美01/美02[西東京バス]
987,430,美32[西東京バス]
988,430,美22[西東京バス]
989,430,元八13/14/15他[西東京バス]
990,430,秋03[西東京バス]
991,430,五36<網代入口経由>[西東京バス]
992,430,五18/五里18[西東京バス]
993,430,五15[西東京バス]
994,430,檜52[西東京バス]
995,430,五20/五21[西東京バス]
996,430,菅01/菅02/菅21/菅22[西東京バス]
997,430,高月01/高月02/高月03[西東京バス]
998,430,小02 三ツ原循環東廻り[西東京バス]
999,430,小03 三ツ原循環西廻り[西東京バス]
1000,430,河13[西東京バス]
1001,430,小02/小03[西東京バス]
1002,430,青20[西東京バス]
1003,430,河11[西東京バス]
1004,430,小12<友田経由>[西東京バス]
1005,430,青21[西東京バス]
1006,430,小05[西東京バス]
1007,430,五34[西東京バス]
1008,430,福24[西東京バス]
1009,430,五30[西東京バス]
1010,430,福20[西東京バス]
1011,430,五33[西東京バス]
1012,430,奥15[西東京バス]
1013,430,奥14[西東京バス]
1014,430,奥10他[西東京バス]
1015,430,奥12[西東京バス]
1016,430,奥31他[西東京バス]
1017,430,奥20/奥21[西東京バス]
1018,430,御10/御11[西東京バス]
1019,430,北部コース〔八王子病院-コーポランド〕[はちバス]
1020,430,西部コース〔西八王子駅-天使病院〕[はちバス]
1021,430,北部コース〔コーポランド-西八王子駅〕[はちバス]
1022,430,東部コース〔片倉駅→北野駅〕[はちバス]
1023,430,東部コース〔あったかホール→日生団地〕[はちバス]
1024,430,東部コース〔日生団地→あったかホール〕[はちバス]
1025,430,東部コース〔北野駅→片倉駅〕[はちバス]
1026,430,秋川コース草花方面経由[るのバス]
1027,430,秋川コース・小川・阿伎留医療センター経由1[るのバス]
1028,430,五日市コース[るのバス]
1029,430,ひ04〔八王子駅方面〕[西東京バス]
1030,430,住02[西東京バス]
1031,430,五里10他[西東京バス]
1032,430,檜52〔秋川渓谷瀬音の湯-上養沢〕[西東京バス]
1033,430,福22他[西東京バス]
1034,430,秋川コース・小川・阿伎留医療センター経由2[るのバス]
1035,430,秋川コース・小川・阿伎留医療センター経由3[るのバス]
1036,430,秋川コース・小川・阿伎留医療センター経由4[るのバス]
1037,430,16号〔八王子駅方面〕[西東京バス]
1038,430,左01/左03[西東京バス]
1039,430,五40[西東京バス]
1040,430,羽31/羽33〔東廻り新町方面〕[西東京バス]
1041,430,羽32〔西廻り新町方面〕[西東京バス]
1042,430,市12/元八04他[西東京バス]
1043,430,元八16[西東京バス]
1044,430,西部コース〔天使病院-北の根東〕[はちバス]
1045,430,東部コース〔北野駅→あったかホール〕[はちバス]
1046,430,東部コース〔あったかホール→北野駅〕[はちバス]
1047,430,西南部コース〔高尾駅→さくら台〕[はちバス]
1048,430,西南部コース〔さくら台→松子舞〕[はちバス]
1049,430,西南部コース〔松子舞→さくら台〕[はちバス]
1050,430,西南部コース〔さくら台→高尾駅〕[はちバス]
1051,430,小13/小14他[西東京バス]
1052,430,福30[西東京バス]
1053,430,ひ07〔サマーランド経由秋川方面〕[西東京バス]
1054,430,ひ07〔サマーランド経由八王子方面〕[西東京バス]
1055,430,ひ06[西東京バス]
1056,430,奥32[西東京バス]
1057,430,小08/河11[西東京バス]
1058,430,羽33[西東京バス]
1059,430,河15/河16/河17[西東京バス]
1060,430,都民の森連絡バス[西東京バス]
1061,430,羽31/羽32/羽33〔羽村駅方面〕[西東京バス]
1062,430,城01[西東京バス]
1063,430,長81/長82[西東京バス]
1064,430,長81/長84/長85/長86[西東京バス]
1065,430,長81/長83/長84/長85/長86[西東京バス]
1066,430,高月01[西東京バス]
1067,430,秋61/秋62/秋63[西東京バス]
1068,430,福25[西東京バス]
1069,430,美49[西東京バス]
1070,430,拝01[西東京バス]
1071,430,長85[西東京バス]
1072,430,長86[西東京バス]
1073,430,小07[西東京バス]
1074,430,市街地循環〔京王八王子駅-いちょうホール北〕[西東京バス]
1075,430,市街地循環〔いちょうホール北-八王子駅北口〕[西東京バス]
1076,1592,東京都内/八王子・日野-新宿<通勤ライナー>[高速バス]
1077,1482,ぐるりーんひのでちゃん[ぐるりーんひのでちゃん]
1078,1482,ぐるりーんひのでちゃん[日の出団地][ぐるりーんひのでちゃん]
1079,430,アクセスバス[西東京バス]
1080,495,小72・73・76:小岩駅-江戸川スポーツランド[京成バス]
1081,495,小76:小岩駅-葛西駅[京成バス]
1082,495,小76:小岩駅-瑞江駅[京成バス]
1083,495,小72[小岩駅-一之江駅][京成バス]
1084,495,小76:小岩駅-瑞江駅〔二枚橋経由〕[京成バス]
1085,495,瑞江駅-一之江駅[京成バス]
1086,495,小72[小岩駅-瑞江駅<直通>][京成バス]
1087,495,小73・76:瑞江駅-江戸川スポーツランド[京成バス]
1088,495,新小71:新小岩駅-瑞江駅[京成バス]
1089,495,小76:小岩駅-小岩駅通り[京成バス]
1090,495,小73:小岩駅-江戸川スポーツランド[京成バス]
1091,495,小73・76:瑞江駅-江戸川清掃工場[京成バス]
1092,495,瑞75[京成バス]
1093,495,臨海病院線・西瑞江線[京成バス]
1094,495,篠01[京成バス]
1095,495,シャトル☆セブン[京成バス]
1096,495,小55[京成バス]
1097,495,金61[京成バス]
1098,495,金62[京成バス]
1099,495,金01出入・02出入[京成バス]
1100,495,金01<アイリスループ>[金町駅北口-飯塚小学校入口][京成バス]
1101,495,金01<アイリスループ>[飯塚小学校入口-金町駅北口][京成バス]
1102,495,新小53[京成バス]
1103,495,さくら[南千01/南千02][京成バス]
1104,495,汐入さくら[南千03][京成バス]
1105,495,金63[金町駅-はなしょうぶ園-水元かわせみの里][京成バス]
1106,495,金63[水元かわせみの里-水元公園-金町駅][京成バス]
1107,495,ちばきたライナー(いきいきプラザ→東京駅八重洲口)[京成バス]
1108,495,ちばきたライナー(東京駅八重洲口→草野車庫)[京成バス]
1109,495,[深夜]ちばきたライナー[京成バス]
1110,495,青01[京成バス]
1111,495,北千01/北千02/南千03[京成バス]
1112,495,北千01〔柳原病院方面〕[京成バス]
1113,495,墨田区内循環バス[北西部ルート][京成バス]
1114,495,墨田区内循環バス[北東部ルート][京成バス]
1115,495,墨田区内循環バス[南部ルート][京成バス]
1116,495,成田空港-小岩・一之江・葛西[京成バス]
1117,495,ぐるーりめぐりん[京成バス]
1118,495,墨田区内循環バス[北東部ルート(八広駅方面)][京成バス]
1119,495,新小岩駅東北広場-東京ディズニーリゾート[京成バス]
1120,495,東京BRT[京成バス]
1121,495,虎ノ門ヒルズ→羽田空港[京成バス]
1122,495,羽田空港→虎ノ門ヒルズ[京成バス]
1123,1600,江戸川区コミュニティバス[コミュニティ交通(江戸川区)]
1124,1592,成田シャトル池袋線[高速バス]
1125,495,新小59[京成バス/京成タウンバス]
1126,424,宿44(武蔵境駅-新宿駅)[小田急バス]
1127,424,境96[小田急バス]
1128,424,みたかシティバス〔三鷹台駅-杏林大学病院ルート〕[小田急バス]
1129,424,吉06(調布駅-吉祥寺駅)[小田急バス]
1130,424,吉03(吉祥寺駅-仙川)[小田急バス]
1131,424,吉01(吉祥寺駅-大沢)[小田急バス]
1132,424,吉01(大沢-吉祥寺駅)[小田急バス]
1133,424,吉15(吉祥寺駅-MCC三鷹ビル-下連雀六)[小田急バス]
1134,424,吉15(下連雀六-吉祥寺駅)[小田急バス]
1135,424,吉04(吉祥寺駅-野ヶ谷)[小田急バス]
1136,424,吉05(調布駅-吉祥寺駅)[小田急バス]
1137,424,吉04(吉祥寺駅-深大寺)[小田急バス]
1138,424,吉04(深大寺-吉祥寺駅)[小田急バス]
1139,424,吉02(千歳烏山駅-吉祥寺駅)[小田急バス]
1140,424,吉13(杏林大学井の頭キャンパス-吉祥寺駅)[小田急バス]
1141,424,吉12(北野-吉祥寺駅中央口)[小田急バス]
1142,424,吉11(明星学園-吉祥寺駅)[小田急バス]
1143,424,下61(駒沢陸橋-北沢タウンホール)[小田急バス]
1144,424,下61(歩行者天国実施時)[小田急バス]
1145,424,渋54(経堂駅-渋谷駅)[小田急バス]
1146,424,梅02[小田急バス]
1147,424,経01他[小田急バス]
1148,424,歳22[小田急バス]
1149,424,梅01[小田急バス]
1150,424,歳25[小田急バス]
1151,424,祖師谷・成城地域循環[小田急バス]
1152,424,新宿駅西口-よみうりランド[小田急バス]
1153,424,鷹52(朝日町三-三鷹駅)[小田急バス]
1154,424,鷹65(三鷹駅-深大寺)[小田急バス]
1155,424,鷹65(深大寺-三鷹駅)[小田急バス]
1156,424,鷹52(車返団地-三鷹駅)[小田急バス]
1157,424,吉01(武蔵境駅-上連雀-吉祥寺駅)[小田急バス]
1158,424,境92〔境南循環〕[小田急バス]
1159,424,境92(吉野南→武蔵境駅)[小田急バス]
1160,424,境93[小田急バス]
1161,424,鷹56(調布駅-塚)[小田急バス]
1162,424,鷹56(調布駅-三鷹駅)[小田急バス]
1163,424,調31(調布駅-御塔坂下)[小田急バス]
1164,424,調31(御塔坂下-調布駅)[小田急バス]
1165,424,調32(調布駅-調布飛行場)[小田急バス]
1166,424,調32(調布飛行場-武蔵境営業所)[小田急バス]
1167,424,鷹53[小田急バス]
1168,424,武蔵境駅南口-新小金井駅[小田急バス]
1169,424,調40[小田急バス]
1170,424,鷹57(武蔵境営業所-三鷹駅)[小田急バス]
1171,424,鷹58[小田急バス]
1172,424,鷹54(仙川-新川団地-大成高校-三鷹駅)[小田急バス]
1173,424,鷹54(晃華学園-三鷹駅)[小田急バス]
1174,424,鷹54(仙川-新川五-大成高校-三鷹駅)[小田急バス]
1175,424,鷹54〔南浦〕(仙川-篠原病院-三鷹駅)[小田急バス]
1176,424,境21〔団地入口〕(桜堤上水端-境一-武蔵境駅)[小田急バス]
1177,424,境21〔くぬぎ橋〕(武蔵境駅-桜堤団地)[小田急バス]
1178,424,境21〔亜細亜大学〕(桜堤上水端-境二-武蔵境駅)[小田急バス]
1179,424,鷹55[小田急バス]
1180,424,鷹63[小田急バス]
1181,424,鷹51〔国際基督教大学〕(基督教大学-三鷹駅)[小田急バス]
1182,424,鷹51(武蔵境営業所-調布駅)[小田急バス]
1183,424,鷹51(調布駅-三鷹駅)[小田急バス]
1184,424,鷹51(武蔵小金井駅-三鷹駅)[小田急バス]
1185,424,鷹51(調布飛行場-三鷹駅)[小田急バス]
1186,424,みたかシティバス北野ルート(三鷹駅-北野)[小田急バス]
1187,424,みたかシティバス北野ルート(北野-三鷹駅)[小田急バス]
1188,424,みたかシティバス明星学園ルート[小田急バス]
1189,424,みたかシティバス三鷹の森ジブリ美術館ルート[小田急バス]
1190,424,みたかシティバス三鷹台・飛行場ルート[小田急バス]
1191,424,みたかシティバス三鷹台・飛行場(杏林大学病院)[小田急バス]
1192,424,渋26[小田急バス]
1193,424,玉08[小田急バス]
1194,424,喜01[小田急バス]
1195,424,狛12[小田急バス]
1196,424,仙川駅-〔緑ヶ丘循環〕-仙川駅[小田急バス]
1197,424,仙01[小田急バス]
1198,424,境91(狛江駅-武蔵境駅)[小田急バス]
1199,424,境91〔深夜〕(狛江営業所-調布駅)[小田急バス]
1200,424,狛02[小田急バス]
1201,424,狛01〔深夜〕(狛江駅北口-多摩川住宅)[小田急バス]
1202,424,狛01(多摩川住宅-慈恵医大病院)[小田急バス]
1203,424,歳21[小田急バス]
1204,424,歳20[小田急バス]
1205,424,成04(調布駅-成城学園前駅)[小田急バス]
1206,424,成01[小田急バス]
1207,424,成05[小田急バス]
1208,424,狛11(喜多見住宅-狛江駅)[小田急バス]
1209,424,狛11(狛江駅-喜多見住宅)[小田急バス]
1210,424,成06[小田急バス]
1211,424,成城学園前駅-仙川-狛江駅[小田急バス]
1212,424,こまバス市内循環〔北ルート〕[小田急バス]
1213,424,こまバス市内循環〔南ルート〕[小田急バス]
1214,424,成02[小田急バス]
1215,424,読01(京王よみうりランド駅-寺尾台団地)[小田急バス]
1216,424,新05(稲城市立病院-稲城駅)[小田急バス]
1217,424,稲03[小田急バス]
1218,424,柿24(下黒川-若葉台駅)[小田急バス]
1219,424,若11[小田急バス]
1220,424,玉ちゃんバス・北ルート(玉学駅-さくらホール)[小田急バス]
1221,424,玉ちゃんバス・東ルート(玉学駅-化石谷公園)[小田急バス]
1222,424,玉ちゃんバス・東ルート(化石谷公園-玉学駅)[小田急バス]
1223,424,鷹59[小田急バス]
1224,424,成城学園前駅-狛江駅北口-狛江営業所[小田急バス]
1225,424,狛江営業所-第一中-狛江駅北口[小田急バス]
1226,424,読01(読売ランド前駅始発京王よみうりランド行き )[小田急バス]
1227,424,読01(京王よみうりランド駅-読売ランド前駅)[小田急バス]
1228,424,新05/新06/稲02(稲城駅-新百合ヶ丘駅)[小田急バス]
1229,424,新08[小田急バス]
1230,424,柿24(調布駅-柿生駅)[小田急バス]
1231,424,柿24(稲城駅-柿生駅)[小田急バス]
1232,424,柿24(若葉台駅-柿生駅)[小田急バス]
1233,424,鶴07(こどもの国-鶴川駅)[小田急バス]
1234,424,鶴06[小田急バス]
1235,424,鶴09[小田急バス]
1236,424,狛江営業所-NTT中央研修-成城学園前駅[小田急バス]
1237,424,成城学園前駅-仙川-狛江営業所[小田急バス]
1238,424,〔直行〕成城学園前駅-仙川駅入口[小田急バス]
1239,424,ムーバス境南東循環[小田急バス]
1240,424,ムーバス境南西循環[小田急バス]
1241,424,ムーバス境西循環[小田急バス]
1242,424,ムーバス境・東小金井線[小田急バス]
1243,424,ムーバス境・三鷹循環[小田急バス]
1244,424,吉祥寺駅-吉祥寺営業所前[小田急バス]
1245,424,若林営業所-梅ヶ丘駅北口[小田急バス]
1246,424,成城学園前駅-狛江駅北口-狛江営業所〔深夜〕[小田急バス]
1247,424,玉ちゃんバス・南ルート(玉学駅-松見ヶ丘)[小田急バス]
1248,424,鷹52(白糸台-榊原記念病院)[小田急バス]
1249,424,iバスCコース〔平尾団地-南多摩駅〕[小田急バス]
1250,424,iバスCコース〔はるひ野駅行〕[小田急バス]
1251,424,iバスEコースぶどう〔南多摩駅-榎戸-丘の湯〕[小田急バス]
1252,424,iバスEコースぶどう〔丘の湯-西関場-南多摩駅〕[小田急バス]
1253,424,iバスEコースぶどう〔矢野口橋→稲城駅〕[小田急バス]
1254,424,iバスDコース梨〔南多摩駅-西関場-丘の湯〕[小田急バス]
1255,424,iバスDコース梨〔丘の湯-榎戸-南多摩駅〕[小田急バス]
1256,424,iバスDコース梨〔西関場→稲城駅〕[小田急バス]
1257,424,iバスAコース〔平尾団地-若葉台・市立病院-稲城駅〕[小田急バス]
1258,424,iバスAコース〔稲城駅-駒沢学園-平尾団地〕[小田急バス]
1259,424,iバスBコース〔平尾団地-駒沢学園-稲城駅〕[小田急バス]
1260,424,iバスBコース〔稲城駅-市立病院・若葉台-平尾団地〕[小田急バス]
1261,424,鷹60[小田急バス]
1262,424,平尾団地-柿生駅北口[小田急バス]
1263,424,鶴08:鶴川駅-鶴川緑山住宅循環[小田急バス/神奈川中央交通]
1264,424,鶴10:鶴川駅-千都の杜中央循環[小田急バス/神奈川中央交通]
1265,424,鶴11:鶴川駅-センター前-鶴川団地[小田急バス/神奈川中央交通]
1266,424,鶴13:鶴川駅-六丁目-鶴川団地[小田急バス/神奈川中央交通]
1267,424,鶴26:鶴川駅-真光寺公園[小田急バス/神奈川中央交通]
1268,581,大109[臨港バス]
1269,581,天空01[臨港バス]
1270,431,阿01/04:阿佐ヶ谷駅-白鷺一丁目-中村橋駅[関東バス]
1271,431,阿佐谷営業所-白鷺一丁目・中村橋駅・練馬駅[関東バス]
1272,431,阿佐ヶ谷駅-阿佐谷営業所[関東バス]
1273,431,阿02:荻窪駅-白鷺一丁目[関東バス]
1274,431,阿02/05:白鷺一丁目-阿佐ヶ谷駅-荻窪駅[関東バス]
1275,431,阿03:阿佐ヶ谷駅-下井草駅-中村橋駅[関東バス]
1276,431,阿45:阿佐ヶ谷駅-中野駅[関東バス]
1277,431,宿08:中野駅-小滝橋-新宿駅西口[関東バス]
1278,431,荻04/05/06/07:荻窪駅-中村橋駅-練馬駅[関東バス]
1279,431,阿50/51:阿佐ヶ谷駅-下井草駅-石神井公園駅[関東バス]
1280,431,宿03/04/05/中01:野方駅-中野駅-新宿駅西口[関東バス]
1281,431,阿佐谷営業所-野方駅[関東バス]
1282,431,阿佐谷営業所-高円寺駅[関東バス]
1283,431,K01:中野駅-八成小学校[関東バス]
1284,431,中41:中野駅-丸山営業所-江古田駅[関東バス]
1285,431,中12/30:中野駅-中野五丁目-江古田駅[関東バス]
1286,431,中24:中野駅・丸山営業所-中村橋駅[関東バス]
1287,431,中20:中野駅-丸山営業所[関東バス]
1288,431,中27:中野駅-江古田の森[関東バス]
1289,431,丸山営業所-江古田の森・練馬駅[関東バス]
1290,431,高70:高円寺駅北口-丸山営業所[関東バス]
1291,431,宿01/02:丸山営業所-小滝橋-新宿西口[関東バス]
1292,431,百01:高田馬場駅-東中野駅西口[関東バス]
1293,431,荻36:荻窪駅-南善福寺[関東バス]
1294,431,青梅街道営業所-南善福寺[関東バス]
1295,431,荻32:荻窪駅-武蔵関駅[関東バス]
1296,431,鷹02:三鷹駅-武蔵関駅[関東バス]
1297,431,荻33/34/35:荻窪駅-北裏[関東バス]
1298,431,荻33/35:荻窪駅-電通裏-武蔵野大学[関東バス]
1299,431,荻40:荻窪駅→西荻窪駅→立教女学院[関東バス]
1300,431,荻40:立教女学院→西荻窪駅→荻窪駅[関東バス]
1301,431,荻30:荻窪駅-青梅街道営業所[関東バス]
1302,431,荻31:荻窪駅-プロムナード荻窪[関東バス]
1303,431,荻10:荻窪駅-下井草駅[関東バス]
1304,431,青梅街道営業所-下井草駅・井荻駅・荻窪駅[関東バス]
1305,431,西10:西荻窪駅-吉祥寺駅[関東バス]
1306,431,吉80/81:吉祥寺駅-青梅街道営業所-上石神井駅[関東バス]
1307,431,西50:西荻窪駅-井荻駅[関東バス]
1308,431,西荻窪駅-桃井四丁目-青梅街道営業所[関東バス]
1309,431,西01/02:西荻窪駅-青梅街道営業所-上石神井駅[関東バス]
1310,431,吉50/51/52/53:吉祥寺駅-成蹊学園前-柳沢駅[関東バス]
1311,431,吉54/55:吉祥寺駅-武蔵野市役所-柳沢駅[関東バス]
1312,431,吉72:境橋-桜堤団地[関東バス]
1313,431,吉72/73/74/75:吉祥寺駅-向台町五丁目・VG西東京[関東バス]
1314,431,吉74:柳橋-関前西公園[関東バス]
1315,431,鷹01/03/10:三鷹駅-武蔵野営業所-北裏[関東バス]
1316,431,鷹03:北裏-田無橋場[関東バス]
1317,431,鷹40:三鷹駅-武蔵野市役所前-NTT武蔵野研究開発C[関東バス]
1318,431,鷹40:三鷹駅-武蔵野住宅-NTT武蔵野研究開発C[関東バス]
1319,431,鷹25:三鷹駅-電通裏[関東バス]
1320,431,鷹11:三鷹駅-第五小-関前三丁目[関東バス]
1321,431,鷹11:関前三丁目-武蔵野住宅-三鷹駅[関東バス]
1322,431,鷹13:三鷹駅-柳沢駅[関東バス]
1323,431,鷹15:三鷹駅-東伏見駅北口[関東バス]
1324,431,鷹30/36/37:三鷹駅-武蔵境駅[関東バス]
1325,431,鷹33/35:三鷹駅-VG西東京・武蔵小金井駅[関東バス]
1326,431,境12/16/17:武蔵境駅-向台町五丁目・VG西東京[関東バス]
1327,431,境16/花20/21:武蔵境駅・事務本部-花小金井駅南口[関東バス]
1328,431,武蔵野営業所-花小金井駅[関東バス]
1329,431,荻56:荻窪駅南口-日本年金機構入口[関東バス]
1330,431,荻53:荻窪駅南口-五日市街道営業所[関東バス]
1331,431,荻54/58:荻窪駅南口-芦花公園駅-北野[関東バス]
1332,431,五日市街道営業所-芦花公園駅・久我山病院・北野[関東バス]
1333,431,中35/36:中野駅-五日市街道営業所-吉祥寺駅[関東バス]
1334,431,高43:高円寺駅南口-五日市街道営業所[関東バス]
1335,431,烏01:千歳烏山駅-久我山病院[関東バス]
1336,431,荻51:荻窪駅南口-シャレール荻窪[関東バス]
1337,431,五日市街道営業所-シャレール荻窪[関東バス]
1338,431,高60:高円寺駅北口-豊玉中-練馬駅[関東バス]
1339,431,荻60:荻窪駅→宮前三丁目[関東バス]
1340,431,荻60:宮前三丁目→荻窪駅[関東バス]
1341,431,五日市街道営業所-日本年金機構・宮前三丁目[関東バス]
1342,473,かえで路線:西荻窪駅→久我山駅[すぎ丸]
1343,473,かえで路線:久我山駅→西荻窪駅[すぎ丸]
1344,431,深夜急行バス〔銀座-三鷹〕[関東バス]
1345,431,中43:江古田駅-丸山営業所[関東バス]
1346,431,武蔵野営業所-武蔵境駅〔浄水場経由〕[関東バス]
1347,431,鷹35/境17/吉75:ヴィーガーデン西東京行[関東バス]
1348,431,湾01:急行バス〔吉祥寺-お台場〕[関東バス]
1349,431,中10/30:中野駅-丸山営業所[関東バス]
1350,431,深夜急行バス〔銀座-吉祥寺〕[関東バス]
1351,431,西51:西荻窪駅-今川三丁目-荻窪駅[関東バス]
1352,431,高10/63:高円寺駅北口-豊玉南住宅-練馬駅[関東バス]
1353,431,ムーバス吉祥寺東循環[関東バス]
1354,431,ムーバス吉祥寺北西循環(吉祥寺駅-けやきコミセン)[関東バス]
1355,431,ムーバス吉祥寺北西循環(けやきコミセン-吉祥寺駅)[関東バス]
1356,431,ムーバス三鷹駅北西循環[関東バス]
1357,431,ムーバス三鷹・吉祥寺循環[関東バス]
1358,431,若宮大和循環線[関東バス]
1359,465,第4ルート〔北ルート〕[はなバス]
1360,465,第4ルート〔南ルート〕[はなバス]
1361,465,第4ルート〔北ルート〕科学館方面[はなバス]
1362,431,練21/22他:丸山営業所・江古田の森-練馬駅[関東バス]
1363,431,中03:中野駅-野方駅-練馬駅[関東バス]
1364,431,阿佐谷営業所-中野駅〔四季の森公園経由〕[関東バス]
1365,431,阿佐谷営業所-中野駅〔けやき通り経由〕[関東バス]
1366,431,池11:池袋駅-中野駅[国際興業バス/関東バス]
1367,431,赤31:赤羽駅-大和町-高円寺駅[国際興業バス/関東バス]
1368,1592,東京-茨城/ひたち号[高速バス]
1369,1592,ニューノクターン号:横浜・新宿-弘前・五所川原[高速バス]
1370,1592,東京-岩手/遠野・釜石号[高速バス]
1371,1592,東京-宮城/広瀬ライナー[高速バス]
1372,1592,東京-秋田/フローラ号[高速バス]
1373,1592,東京-山形/レインボー[高速バス]
1374,1592,東京-新潟/新宿・池袋-新潟[高速バス]
1375,1592,東京-新潟/池袋-直江津[高速バス]
1376,1592,東京-富山/新宿・池袋-富山・高岡・氷見[高速バス]
1377,1592,東京-愛知/新宿-名古屋[高速バス]
1378,1592,東京-岐阜/パピヨン[高速バス]
1379,1592,埼玉・東京・神奈川-三重/大宮・池袋・横浜-伊賀・名張[高速バス]
1380,1592,埼玉・東京・神奈川-三重/大宮・池袋-津・鳥羽[高速バス]
1381,1592,千葉-滋賀・京都/きょうと号[高速バス]
1382,1592,東京-京都/東京ミッドナイトエクスプレス京都号[高速バス]
1383,1592,東京・神奈川-京都・大阪/フライングライナー[高速バス]
1384,1592,東京-大阪/フライングスニーカー大阪[高速バス]
1385,1592,TDR・東京・横浜-大阪梅田・神戸三宮〔京成バス〕[高速バス]
1386,1592,東京-兵庫/プリンセスロード[高速バス]
1387,1592,東京-広島/エトワールセト[高速バス]
1388,1592,神奈川-広島/メイプル・ハーバー[高速バス]
1389,1592,東京-山口/萩エクスプレス[高速バス]
1390,1592,東京-愛媛/パイレーツ号[高速バス]
1391,1592,東京-長野/新宿-松本[高速バス]
1392,1592,東京-岐阜/新宿-高山[高速バス]
1393,1592,東京-青森/シリウス号[高速バス]
1394,1592,神奈川・東京-秋田/レイク&ポート号[高速バス]
1395,1592,東京・埼玉-岩手/イーハトーブ[高速バス]
1396,1592,東京-宮城・岩手/けせんライナー[高速バス]
1397,1592,東京・埼玉-山形/夕陽[高速バス]
1398,1592,東京-京都・大阪・兵庫/立川-京都・大阪・神戸[高速バス]
1399,1592,大宮・池袋・新宿・横浜-尾鷲・熊野・新宮・勝浦[高速バス]
1400,1592,千葉-大阪・和歌山/サウスウェーブ[高速バス]
1401,1592,津輕号:東京・新宿-弘前・青森[高速バス]
1402,1592,東京-岡山/ルブラン[高速バス]
1403,1592,東京-静岡/新宿・渋谷-三島・沼津[高速バス]
1404,1592,東京-山梨/新宿-身延[高速バス]
1405,1592,東京-山梨/中央高速バス〔新宿-甲府〕[高速バス]
1406,1592,東京-長野/中央高速バス〔新宿-伊那-駒ヶ根〕[高速バス]
1407,1592,東京-長野/中央高速バス〔新宿-飯田〕[高速バス]
1408,1592,東京-長野/新宿・池袋-長野[高速バス]
1409,1592,東京-長野/新宿-信濃大町・白馬[高速バス]
1410,1592,東京-長野/中央道高速バス〔新宿-木曽福島〕[高速バス]
1411,1592,新宿-御殿場-箱根[高速バス]
1412,1592,東京-静岡/三島エクスプレス[高速バス]
1413,1592,池袋-軽井沢・佐久・小諸・上田〔西武バス/千曲バス〕[高速バス]
1414,1592,東京-群馬/秋葉原・新宿・池袋-高崎・前橋[高速バス]
1415,1592,アクシー号:東京-安房鴨川[高速バス]
1416,1592,東京-群馬/四万温泉号[高速バス]
1417,1592,東京-茨城/東京-鉾田[高速バス]
1418,1592,東京-静岡/東京-沼津[高速バス]
1419,1592,東京-福井/東京・新宿-福井〔昼特急〕[高速バス]
1420,1592,東京-ひたちなか・東海[高速バス]
1421,1592,東京-千葉/マイタウン・ダイレクト〔千城台〕[高速バス]
1422,1592,東京-宮城/ニュースター号〔東北急行バス〕[高速バス]
1423,1592,東京-山梨/新宿-富士五湖[高速バス]
1424,1592,東京・埼玉・群馬-富山・石川/秋葉原-新宿-金沢[高速バス]
1425,1592,東京-高知/しまんとエクスプレス号[高速バス]
1426,1592,立川-軽井沢・小諸〔千曲バス〕[高速バス]
1427,1592,東京-石川/八王子・渋谷-金沢・加賀温泉〔夜行便〕[高速バス]
1428,1592,東京-大阪/新宿・八王子-茨木・大阪<ツィンクル>[高速バス]
1429,1592,東京・神奈川-香川/八王子・新宿・横浜-高松・丸亀[高速バス]
1430,1592,東京特急ニュースター号[高速バス]
1431,1592,池袋・新宿・渋谷-大阪〔京王バス/アルピコ交通〕[高速バス]
1432,1592,関東やきものライナー:東京-笠間・益子[高速バス]
1433,1592,埼玉・東京・神奈川-和歌山/ホワイトビーチシャトル[高速バス]
1434,1592,東京-岩手/岩手きずな号〔東京-盛岡・久慈〕[高速バス]
1435,1592,東京-長野/立川-飯田[高速バス]
1436,1592,東京-石川/きまっし号[高速バス]
1437,1592,東京-山梨/南アルプスエコパークライナー[高速バス]
1438,1592,東京-和歌山/東京・新宿-なんば・和歌山[高速バス]
1439,1592,東京-高知/ブルーメッツ号[高速バス]
1440,1592,東京-大阪/DREAMSLEEPER東京大阪号[高速バス]
1441,1592,東京-静岡/東京-富士・富士宮[高速バス]
1442,1592,東京-静岡/ミッドナイトふじ号[高速バス]
1443,1592,東京-常陸太田・常陸大宮・常陸大子[高速バス]
1444,1592,東京-京都・大阪/東京-大阪<カジュアルツィンクル>[高速バス]
1445,1592,東京・神奈川-山梨/町田・橋本-河口湖[高速バス]
1446,1592,東京-栃木/日光・東京線[高速バス]
1447,1592,東京-秋田/エクスプレス鳥海号[高速バス]
1448,1592,e-LineR:浜松東京虎ノ門線〔夜行便〕[高速バス]
1449,1592,東京-茨城/桜川・筑西ライナー[高速バス]
1450,1592,東京特急ニュースター号:大阪-池袋・埼玉線[高速バス]
1451,1592,東京-群馬/高崎・伊香保・四万温泉号八王子線[高速バス]
1452,1592,ほの国号:新宿・豊橋エクスプレス[高速バス]
1453,1592,秋葉原-御殿場プレミアム・アウトレット[高速バス]
1454,1592,東京-山梨/秋葉原-富士急ハイランド・河口湖[高速バス]
1455,1592,東京-山梨/池袋-富士山・河口湖[高速バス]
1456,1592,アミー号:関東-名古屋[武井観光(高速バス)]
1457,1592,アミー号:関東-関西[山一サービス/武井観光(高速バス)]
1458,1592,サン アンド ムーン:君津-大阪[大新東バス(高速バス)]
1459,1592,NETWORK:東京-名古屋[泉観光バス(高速バス)]
1460,1592,OWL LINER:船橋・池袋-京都・大阪[アウル交通(高速バス)]
1461,1592,どっとこむライナー:新宿・池袋-長野[昌栄交通(高速バス)]
1462,1592,天領ライナー:東京-博多[天領バス(高速バス)]
1463,1592,ユタカライナー:関東-関西[ユタカ交通(高速バス)]
1464,1592,KBライナー:関西・中国路線[千葉みらい観光/三栄交通(高速バス)]
1465,1592,LimonBus:東京-大阪[神姫観光バス(高速バス)]
1466,1592,ナイトライナー:関東-関西[東京富士交通(高速バス)]
1467,1592,ナイトライナー:新宿-仙台[東京富士交通(高速バス)]
1468,1592,グレースライナー:首都圏-名古屋[グレース観光バス(高速バス)]
1469,1592,東京-山形/TOKYOサンライズ[高速バス]
1470,1592,やまと号:新宿-奈良・五條[高速バス]
1471,1592,やまと号:TDR・京成上野・横浜-奈良[高速バス]
1472,1592,東京・埼玉-秋田/ジュピター号[高速バス]
1473,1592,東京-岡山/ままかりライナー[高速バス]
1474,1592,東京-岡山/ルミナス・マスカット号[高速バス]
1475,1592,東京-茨城/お台場・TDR-鹿島神宮[高速バス]
1476,1592,東京-千葉/シーサイドライナー[高速バス]
1477,1592,スカイ号:上野-弘前・青森[高速バス]
1478,1592,パンダ号上野線:上野-弘前・青森[高速バス]
1479,1592,東京-千葉/東京-君津〔アクアスター・深夜便〕[高速バス]
1480,1592,東京-千葉/東京-木更津・君津製鐵所[高速バス]
1481,1592,東京-千葉/東京-君津・青堀[高速バス]
1482,1592,東京-愛媛/新宿-松山・八幡浜[高速バス]
1483,1592,成田空港・TDR・上野・東京-松本・長野[高速バス]
1484,1592,新宿-御殿場〔深夜便〕[高速バス]
1485,1592,東京-山梨/新宿-河口湖〔深夜便〕[高速バス]
1486,1592,東京・埼玉-青森/しもきた号[高速バス]
1487,1592,東京-広島/DREAMSLEEPER東京-広島・福山号[高速バス]
1488,1592,池袋-御殿場プレミアム・アウトレット[高速バス]
1489,1592,東名特急ニュースター号[高速バス]
1490,1592,仙台特急ニュースター号[高速バス]
1491,1592,群馬-横浜ニュースター号[高速バス]
1492,1592,パンダ号新宿線:新宿・東京-弘前・青森[高速バス]
1493,1592,スマイルライナー:東京-徳島・高知[高知駅前観光(高速バス)]
1494,1592,アミー号:関東-新潟[ウエスト観光バス(高速バス)]
1495,1592,ブルーライナー:首都圏-京阪神[広栄交通バス(高速バス)]
1496,1592,ブルーライナー:東京-名古屋[広栄交通バス(高速バス)]
1497,1592,Dts line:東京・八潮-草津温泉[Dts creation(高速バス)]
1498,1592,NETWORK:東京-新潟[泉観光バス(高速バス)]
1499,1592,KOTOBUS EXPRESS:関東-四国[琴平バス(高速バス)]
1500,1592,マイ・リピート:東京-徳島[海部観光(高速バス)]
1501,1592,マイ・フローラ:東京-徳島[海部観光(高速バス)]
1502,1592,東京-京都・大阪[サンシャインエクスプレス(高速バス)]
1503,1592,かごたびライナー:千葉・東京-岡山・広島[武井観光(高速バス)]
1504,1592,東京-裏磐梯[会津バス(高速バス)]
1505,1592,かごたびライナー:千葉・東京-山形[武井観光(高速バス)]
1506,1592,KBライナー:東北路線[千葉みらい観光バス(高速バス)]
1507,1592,KBライナー:北陸路線[千葉みらい観光/三栄交通(高速バス)]
1508,1592,KBライナー:中部路線[千葉みらい観光バス(高速バス)]
1509,1592,ミルキーウェイエクスプレス:名古屋[さくら観光バス(高速バス)]
1510,1592,ミルキーウェイエクスプレス:関西[さくら観光バス(高速バス)]
1511,1592,ミルキーウェイエクスプレス:仙台[さくら観光バス(高速バス)]
1512,1592,あおぞらライナー:首都圏-名古屋-三重[青木バス(高速バス)]
1513,1592,中日本ハイウェイバス:富山・金沢[中日本ツアーバス(高速バス)]
1514,1592,中日本ハイウェイバス:福井・小松[中日本ツアーバス(高速バス)]
1515,1592,グレースライナー:首都圏-京阪[グレース観光バス(高速バス)]
1516,1592,ゴーゴーライナー:新宿-大阪[ユタカコーポレーション(高速バス)]
1517,1592,杉崎高速バス:首都圏-名古屋[杉崎観光バス(高速バス)]
1518,1592,杉崎高速バス:首都圏-北陸[杉崎観光バス(高速バス)]
1519,1592,杉崎高速バス:首都圏-関西・中国[杉崎観光バス(高速バス)]
1520,1592,東京-福岡/はかた号[高速バス]
1521,1592,スカイツリーシャトル〔TDR〕(ST-TDR)[高速バス]
1522,1592,スカイツリーシャトル〔TDR〕(TDR-ST)[高速バス]
1523,1595,S−1:南西ルート(見沼代親水公園駅-草加駅)[パリポリくんバス]
1524,447,有36:亀有-水元総合スポーツセンター[東武バス]
1525,447,羽田空港-桶川・上尾[東武バス]
1526,447,綾31・33・34:綾瀬駅-大谷田[東武バス]
1527,447,綾31・33・35:大谷田-綾瀬駅[東武バス]
1528,447,竹01:入谷循環[東武バス]
1529,447,竹02:入谷舎人循環[東武バス]
1530,447,竹03・竹07:竹の塚-見沼代・江戸袋循環[東武バス]
1531,447,竹04・草加23[東武バス]
1532,447,草加23:安行循環[東武バス]
1533,447,竹06:新里循環[東武バス]
1534,447,竹08:放射11号循環[東武バス]
1535,447,竹13:足立清掃工場循環(竹の塚-工場)[東武バス]
1536,447,竹14:桑袋-西新井(谷塚-竹の塚)[東武バス]
1537,447,竹14:桑袋・竹の塚-西新井(竹の塚以南)[東武バス]
1538,447,竹15・竹15-2:竹の塚-保木間-花畑[東武バス]
1539,447,竹16・竹16急行:竹の塚-林松寺-文教大学[東武バス]
1540,447,竹17:竹の塚-六町[東武バス]
1541,447,竹17-2:竹の塚-六町-花畑車庫[東武バス]
1542,447,谷01・竹14:桑袋-谷塚・西新井(桑袋-谷塚)[東武バス]
1543,447,谷02:谷塚駅-文教大学[東武バス]
1544,447,西01:皿沼循環[東武バス]
1545,447,西02:西新井-栗原四-竹の塚車庫[東武バス]
1546,447,西03:西新井-消防署-流通C[東武バス]
1547,447,西04:西新井-消防署-竹の塚車庫[東武バス]
1548,447,[西05/西06]はるかぜ4号:足立区役所-鹿浜[東武バス]
1549,447,西07:西新井-谷在家-鹿浜[東武バス]
1550,447,深夜31:王子-鹿浜橋-西新井[東武バス]
1551,447,北01:北千住-本木新道-大師[東武バス]
1552,447,北02:北千住-100号-大師[東武バス]
1553,447,北03・北04:北千住-100号-西新井駅・大師[東武バス]
1554,447,北05:北千住-江北駅[東武バス]
1555,447,北11:北千住-花畑[東武バス]
1556,447,五28:五反野-花畑[東武バス]
1557,447,六18:六町-花畑桑袋[東武バス]
1558,447,六18・六19:文教大学循環[東武バス]
1559,447,六19・六20:花畑団地循環[東武バス]
1560,447,六21:綾瀬-東和三-六ツ木[東武バス]
1561,447,北11:文教大学[東武バス]
1562,447,綾21:綾瀬-綾瀬署-六ツ木-綾瀬駅北口[東武バス]
1563,447,綾23・綾37:綾瀬-葛飾車庫・スポーツセンター[東武バス]
1564,447,綾20・22・24:竹の塚-綾瀬[東武バス]
1565,447,綾40・綾40-2:綾瀬-花畑団地[東武バス]
1566,447,綾61-綾63:八潮-綾瀬[東武バス]
1567,447,綾62:綾瀬-八潮市役所[東武バス]
1568,447,有26・有27:西水元循環(亀有-西水元三)[東武バス]
1569,447,有26・有27:西水元循環(西水元三-亀有)[東武バス]
1570,447,有28:亀有-東和三-六ツ木[東武バス]
1571,447,有29・有38:六ツ木都住・佐野六ツ木循環[東武バス]
1572,447,有51:亀有-三郷中央[東武バス]
1573,447,有64:亀有-足立郷土博物館-八潮[東武バス]
1574,447,有65:亀有-足立郷土博物館-六ツ木-八潮[東武バス]
1575,447,王30・足35:亀有-王子・足立区役所[東武バス]
1576,447,[西21/西22]はるかぜ7号:西新井-八潮[東武バス]
1577,447,草加22:草加-見沼代[東武バス]
1578,447,金50:東金町循環[東武バス]
1579,447,金52:金町-大膳橋-新三郷(金町-中央)[東武バス]
1580,447,金52・三09:金町-大膳橋-新三郷(中央-新三郷)[東武バス]
1581,447,金54:金町-中央通り-新三郷[東武バス]
1582,447,スカイツリーシャトル:上野・浅草〔JR上野駅公園口行〕[東武バス]
1583,447,増07:宮本循環(駅-宮本)[東武バス]
1584,447,増09・増10:成増-和光市[東武バス]
1585,447,増32・和06・和08・和09:成増-南大和-和光市[東武バス]
1586,447,ミッドナイトアロー春日部[東武バス]
1587,447,ミッドナイトアロー川越[東武バス]
1588,447,ミッドナイトアロー柏・我孫子[東武バス]
1589,447,スカイツリーシャトル:上野・浅草〔スカイツリー行〕[東武バス]
1590,442,六町駅-花畑桑袋団地[足立区社会実験バス]
1591,447,王30・足35:江北陸橋下-東京女子医大[東武バス]
1592,447,西08:西新井駅西口-東京女子医大[東武バス]
1593,447,深夜39:綾瀬-西水元六丁目-葛飾車庫[東武バス]
1594,497,長南PC・長南CC-大崎西口BT[小湊鉄道]
1595,1592,東京-千葉/東京-白子中里線[高速バス]
1596,1592,東京-千葉/新宿-五井[高速バス]
1597,1592,東京-千葉/新宿-木更津[高速バス]
1598,1592,東京-千葉/東京-勝浦・御宿・安房小湊[高速バス]
1599,1592,神奈川-千葉/相模大野-町田-三井アウトレット木更津[高速バス]
1600,1592,東京-千葉/池袋-三井アウトレット木更津[高速バス]
1601,1592,千葉-東京/袖ヶ浦-東京[高速バス]
1602,1592,品川-三井アウトレット木更津[高速バス]
1603,497,赤羽駅・王子駅-三井アウトレットパーク木更津[小湊鉄道/東京バス]
1604,497,新小岩駅-三井アウトレットパーク木更津線[京成バス/小湊鐵道]
1605,495,井19:レジャーランド-大井町駅(大森-レジャー)[京急バス]
1606,495,井19:レジャーランド-大井町駅(大森-大井町)[京急バス]
1607,495,井30他:お台場→大井町[京急バス]
1608,495,井30他:大井町→お台場[京急バス]
1609,495,森21:大森-羽田車庫[京急バス]
1610,495,森21他:大森-羽田空港[京急バス]
1611,495,森22:大森-八潮[京急バス]
1612,495,森23:大森-羽田車庫[京急バス]
1613,495,森24:京浜島循環[京急バス]
1614,495,森26:大森駅-大森海岸駅-森ヶ崎[京急バス]
1615,495,森27:大森東五丁目線[京急バス]
1616,495,森28:平和島循環[京急バス]
1617,495,森30:お台場→大森海岸駅→大森駅[京急バス]
1618,495,森30:大森駅→大森海岸駅→お台場[京急バス]
1619,495,森31:大森駅-流通センター前-循環[京急バス]
1620,495,森31:大森駅-流通センター南口-循環[京急バス]
1621,495,森32:城南島循環[京急バス]
1622,495,森33:平和島循環〔八幡通経由〕[京急バス]
1623,495,森34:大森駅-大田スタジアム[京急バス]
1624,495,森36:京浜島・昭和島循環[京急バス]
1625,495,森40:お台場→平和島駅→大森駅[京急バス]
1626,495,森40:大森駅→平和島駅→お台場[京急バス]
1627,495,森41:京浜島・昭和島循環[京急バス]
1628,495,森43他:大森駅-大田市場[京急バス]
1629,495,森45他:京浜島・昭和島循環〔レジャーランド経由〕[京急バス]
1630,495,森50:大森-東邦大-蒲田[京急バス]
1631,495,森56:大森駅-沢田通-森ヶ崎[京急バス]
1632,495,蒲31他:蒲田-日ノ出-羽田空港[京急バス]
1633,495,蒲31:蒲田-日ノ出-羽田車庫[京急バス]
1634,495,蒲33:蒲田-大鳥居-羽田車庫[京急バス]
1635,495,蒲35:蒲田駅-東糀谷六[京急バス]
1636,495,蒲36:蒲田-森ヶ崎[京急バス]
1637,495,蒲41他:蒲田-萩中-羽田空港[京急バス]
1638,495,蒲43他:蒲田-萩中-羽田車庫[京急バス]
1639,495,蒲67:大森東五丁目-蒲田駅[京急バス]
1640,495,蒲73他:蒲田-六郷橋-羽田車庫[京急バス]
1641,495,蒲95〔シャトル〕蒲田-羽田空港[京急バス]
1642,495,空51他:川崎-六郷橋-羽田空港[京急バス]
1643,495,空71:羽田車庫-空港[京急バス]
1644,495,空71・72:空港-貨物・新整備場地区循環[京急バス]
1645,495,空71〔新整備場経由〕空港→羽田車庫[京急バス]
1646,495,川76:川崎-六郷橋-森ヶ崎[京急バス]
1647,495,森ヶ崎-羽田車庫[京急バス]
1648,495,大森東五丁目-羽田車庫[京急バス]
1649,1592,東京-千葉/品川-長浦・木更津[高速バス]
1650,1592,東京-静岡/品川-御殿場プレミアム・アウトレット[高速バス]
1651,1592,東京-神奈川/お台場-横浜[高速バス]
1652,1592,神奈川・東京-千葉/川崎・蒲田-TDR(川崎発)[高速バス]
1653,1592,神奈川・東京-千葉/川崎・蒲田-TDR(川崎行)[高速バス]
1654,1592,神奈川・東京-千葉/横浜・羽田空港-茂原[高速バス]
1655,1592,館山・君津:羽田空港・横浜線[高速バス]
1656,358,赤50他:赤羽駅西口行〔西が丘経由〕[国際興業バス]
1657,358,赤26:赤羽駅-環七-舎人団地[国際興業バス]
1658,358,[西11]はるかぜ3号:西新井駅-見沼代親水公園駅[国際興業バス]
1659,358,川04/14/16:川口駅-舎人団地・舎人駅・弥平町[国際興業バス]
1660,358,川16:川口駅-弥平町循環[国際興業バス]
1661,358,赤13:赤羽駅-東川口駅〔深夜〕[国際興業バス]
1662,358,川14:川口駅-入谷・舎人駅循環[国際興業バス]
1663,358,川14:舎人駅-川口駅[国際興業バス]
1664,358,川15:川口駅-谷在家駅循環[国際興業バス]
1665,358,川15:谷在家駅-川口駅[国際興業バス]
1666,358,川21:川口駅-鹿浜・領家循環[国際興業バス]
1667,358,川21:鹿浜・領家-川口駅[国際興業バス]
1668,358,川21:川口駅-領家工場街回り-鹿浜[国際興業バス]
1669,358,赤11:赤羽駅-南浦和駅〔深夜〕[国際興業バス]
1670,358,飯11:美杉台六丁目-間野黒指[国際興業バス]
1671,358,赤21/20:赤羽駅-鳩ヶ谷公団・医療センター[国際興業バス]
1672,358,赤20:赤羽駅-川口市医療センター[国際興業バス]
1673,358,赤21:赤羽駅-鳩ヶ谷公団住宅〔深夜〕[国際興業バス]
1674,358,赤21:赤羽駅-鳩ヶ谷公団住宅〔深夜最終便〕[国際興業バス]
1675,358,赤12:赤羽駅-東浦和駅〔深夜〕[国際興業バス]
1676,358,池20:池袋駅-西台駅-高島平操車場[国際興業バス]
1677,358,池21:池袋駅-舟渡町-高島平駅[国際興業バス]
1678,358,赤02他:赤羽駅-志村三丁目駅-成増駅[国際興業バス]
1679,358,下赤03:下赤塚駅-おいせ坂上-高島平操車場[国際興業バス]
1680,358,下赤03:下赤塚駅-赤塚八丁目-高島平操車場[国際興業バス]
1681,358,赤02-2/83:志村三丁目駅-赤羽駅・成増駅[国際興業バス]
1682,358,赤56:赤羽駅-志村坂上-高島平操車場[国際興業バス]
1683,358,赤56-2:赤羽駅-志村三丁目駅[国際興業バス]
1684,358,東練01/高02:東武練馬駅-高島平駅-浮間舟渡駅[国際興業バス]
1685,358,東練01:東武練馬駅-宮の下-高島平駅-浮間舟渡駅[国際興業バス]
1686,358,赤73:赤羽駅-西高島平駅〔深夜〕[国際興業バス]
1687,358,池02/04:池袋駅-熊野町・中丸町循環[国際興業バス]
1688,358,池02/04:熊野町・中丸町-池袋駅[国際興業バス]
1689,358,池03:池袋駅-要町循環[国際興業バス]
1690,358,池03:要町-池袋駅[国際興業バス]
1691,358,池04:中丸町循環-池袋駅[国際興業バス]
1692,358,池05/85:池袋駅-日大病院[国際興業バス]
1693,358,池80:池袋駅-池袋車庫[国際興業バス]
1694,358,池80:池袋駅-池袋車庫〔始発便〕[国際興業バス]
1695,358,池07:サンシャイン南-池袋駅-江古田二又[国際興業バス]
1696,358,赤57:赤羽駅-日大病院[国際興業バス]
1697,358,王22/22-2:王子駅-板橋駅(王子側)[国際興業バス]
1698,358,王22/22-2:王子駅-板橋駅(板橋側)[国際興業バス]
1699,358,赤01/85/練95:赤羽駅-平和台駅-練馬駅[国際興業バス]
1700,358,練95:練馬北町車庫-練馬駅[国際興業バス]
1701,358,光01/02/04:光が丘駅-練馬北町車庫-池袋駅[国際興業バス]
1702,358,高01/増19:成増駅-西高島平駅-高島平操車場[国際興業バス]
1703,358,増14:成増駅-下笹目[国際興業バス]
1704,358,増17:成増駅-区立美術館-高島平操車場[国際興業バス]
1705,358,池55:池袋駅-小茂根五丁目[国際興業バス]
1706,358,王54/54-2:王子駅-上板橋駅[国際興業バス]
1707,358,増16/16-2:成増駅-比丘尼橋[国際興業バス]
1708,358,赤23:赤羽駅-荒川大橋-西新井駅[国際興業バス]
1709,358,赤25:赤羽駅-ハートアイランド循環[国際興業バス]
1710,358,赤51/57:赤羽駅-日大病院・池袋駅[国際興業バス]
1711,358,赤97:赤羽車庫-池袋駅[国際興業バス]
1712,358,赤27:赤羽駅-環七-西新井駅[国際興業バス]
1713,358,赤27-2:赤羽車庫-環七-西新井駅[国際興業バス]
1714,358,赤95他:赤羽車庫-赤羽駅東口[国際興業バス]
1715,358,赤50/王23-2:赤羽駅-十条駅-王子駅[国際興業バス]
1716,358,赤50:王子駅-十条駅-赤羽駅[国際興業バス]
1717,358,赤53:赤羽駅-ときわ台駅[国際興業バス]
1718,358,赤93/96:赤羽車庫-ときわ台駅・桐ヶ丘[国際興業バス]
1719,358,赤54:赤羽駅-桐ヶ丘循環[国際興業バス]
1720,358,赤72:赤羽駅-戸田公園駅〔深夜〕[国際興業バス]
1721,358,赤54-1/54-2:赤羽駅-桐ヶ丘循環〔体育館経由〕[国際興業バス]
1722,358,赤80/王23:赤羽車庫-赤羽駅西口・王子駅[国際興業バス]
1723,358,赤80-2:赤羽駅-トンネル-赤羽車庫[国際興業バス]
1724,358,赤58:赤羽駅-東京北医療センター[国際興業バス]
1725,358,赤71:赤羽駅-浮間舟渡駅〔深夜〕[国際興業バス]
1726,358,ミッドナイトアロー朝霞台・新座[国際興業バス]
1727,358,ミッドナイトアロー成増・朝霞台[国際興業バス]
1728,358,ミッドナイトアロー光が丘・和光市[国際興業バス]
1729,358,ミッドナイトアロー高島平・中浦和[国際興業バス]
1730,358,ミッドナイトアロー南浦和・東浦和[国際興業バス]
1731,358,ミッドナイトアロー浦和・大宮[国際興業バス]
1732,452,氷川台ルート〔練馬駅〕[みどりバス]
1733,452,北町ルート[みどりバス]
1734,452,北町ルート(東武練馬駅-光が丘駅)[みどりバス]
1735,452,氷川台ルート[みどりバス]
1736,492,りんりんGO〔区立美術館経由〕[板橋区コミュニティバス]
1737,492,りんりんGO〔おいせ坂上経由〕[板橋区コミュニティバス]
1738,358,常01:ときわ台-志村三丁目駅[国際興業バス]
1739,358,東練05:東武練馬駅-西台駅-浮間舟渡駅[国際興業バス]
1740,385,川口06:新郷循環〔医療センター方面〕[みんななかまバス]
1741,385,川口06:新郷循環〔見沼代親水公園駅方面〕[みんななかまバス]
1742,358,赤27:赤羽駅-医大-西新井駅〔医療センター〕[国際興業バス]
1743,573,町03:町田BC-玉川学園前駅〔820発のみ〕[神奈川中央交通]
1744,573,つ01:成瀬台-つくし野駅[神奈川中央交通]
1745,573,つ03:つくし野駅-東玉川学園四丁目[神奈川中央交通]
1746,573,成05:成瀬駅-昭和薬科大-成瀬台[神奈川中央交通]
1747,573,成05:昭和薬科大-成瀬台[神奈川中央交通]
1748,573,永13:永山駅-永山五丁目[神奈川中央交通]
1749,573,橋63:大戸-法政大学-橋本駅北口[神奈川中央交通]
1750,573,橋26:法政大学-大戸-橋本駅北口[神奈川中央交通]
1751,573,原19:相原-法政大学[神奈川中央交通]
1752,573,原21:相原-大戸[神奈川中央交通]
1753,573,原23:相原-真米-東京家政学院[神奈川中央交通]
1754,573,原25:相原駅-法政大学-大戸[神奈川中央交通]
1755,573,湖29:高尾山口-相模湖駅[神奈川中央交通]
1756,573,桜23:聖蹟桜ヶ丘駅-永山五丁目[神奈川中央交通]
1757,573,桜24:聖蹟桜ヶ丘駅-鶴川駅[神奈川中央交通]
1758,573,成01:成瀬台-成瀬駅[神奈川中央交通]
1759,573,成02:成瀬駅-東玉川学園四丁目[神奈川中央交通]
1760,573,成03:こどもの国駅-奈良-成瀬駅[神奈川中央交通]
1761,573,成04:こどもの国駅-成瀬台-成瀬駅[神奈川中央交通]
1762,449,成瀬駅ルート[かわせみ号]
1763,573,多04:鶴川駅-豊ヶ丘四丁目-多摩センター駅[神奈川中央交通]
1764,573,多04:多摩センター駅-豊ヶ丘四丁目-鶴川駅[神奈川中央交通]
1765,573,町03:町田BC-玉川学園前駅[神奈川中央交通]
1766,573,町06:町田BC-グリーンハイツ[神奈川中央交通]
1767,573,町06:グリーンハイツ循環-町田BC[神奈川中央交通]
1768,573,町08:町田BC-グリーンハイツC2前[神奈川中央交通]
1769,573,町08:町田BC-柏木公園前[神奈川中央交通]
1770,573,町09:町田BC-古淵駅-小田急相模原駅[神奈川中央交通]
1771,573,町12:町田ターミナル-木曽南団地[神奈川中央交通]
1772,573,町13:町田BC-急行-山崎団地[神奈川中央交通]
1773,573,町15:町田BC-境川団地-山崎団地[神奈川中央交通]
1774,573,町15:町田ターミナル-境川団地-山崎団地[神奈川中央交通]
1775,573,町16:町田BC-日向根トンネル-日大三高[神奈川中央交通]
1776,573,町16:町田BC-図師大橋-日大三高[神奈川中央交通]
1777,573,町17:町田BC-淵野辺駅北口[神奈川中央交通]
1778,573,町20:町田BC-境川団地-山崎団地センター[神奈川中央交通]
1779,573,町21:町田BC-市民病院正門[神奈川中央交通]
1780,573,町22:町田BC-上宿[神奈川中央交通]
1781,573,町23:町田BC-市民病院-山崎団地センター[神奈川中央交通]
1782,573,町24:町田ターミナル-市民病院-山崎団地[神奈川中央交通]
1783,573,町25:町田BC-市民病院-山団センター-野津田車庫[神奈川中央交通]
1784,573,町26:町田BC-図師-野津田車庫[神奈川中央交通]
1785,573,町27:町田ターミナル-小山田[神奈川中央交通]
1786,573,町28:まちっこ相原ルート[神奈川中央交通]
1787,573,町29:町田BC-淵野辺駅北口[神奈川中央交通]
1788,573,町31:町田BC-多摩丘陵病院[神奈川中央交通]
1789,573,町32:町田BC-境川団地-小山田桜台[神奈川中央交通]
1790,573,町33:町田BC-木曽南団地-下山崎[神奈川中央交通]
1791,573,町34:町田BC-市民病院-小山田桜台[神奈川中央交通]
1792,573,町35:町田BC-境川団地-山団センター-野津田車庫[神奈川中央交通]
1793,573,町36:町田BC-五反田-鶴川駅[神奈川中央交通]
1794,573,町37:町田BC-やくし台センター[神奈川中央交通]
1795,573,町38:町田BC-市立室内プール[神奈川中央交通]
1796,573,町39:町田BC-室内プール-野津田車庫[神奈川中央交通]
1797,573,町41:町田ターミナル-藤の台団地[神奈川中央交通]
1798,573,町45:町田BC-都立野津田高校[神奈川中央交通]
1799,573,町51:町田駅-本町田循環[神奈川中央交通]
1800,573,町53:町田駅-本町田-鶴川駅[神奈川中央交通]
1801,573,町51:本町田循環-町田駅[神奈川中央交通]
1802,573,町55:町田駅-本町田-野津田車庫[神奈川中央交通]
1803,573,町61:町田BC-藤の台-野津田車庫[神奈川中央交通]
1804,573,町66:町田BC-市民病院-下山崎[神奈川中央交通]
1805,573,町74:町田BC-成瀬台[神奈川中央交通]
1806,573,町75:町田BC-成瀬駅[神奈川中央交通]
1807,573,町76:町田BC-成瀬台[神奈川中央交通]
1808,573,町78:町田BC-木曽南団地-野津田車庫[神奈川中央交通]
1809,573,町82:町田BC-つきみ野駅[神奈川中央交通]
1810,573,町83:町田BC-つくし野駅[神奈川中央交通]
1811,573,町84:町田BC-南中学校前-成瀬駅[神奈川中央交通]
1812,573,町85:町田BC-すずかけ台駅[神奈川中央交通]
1813,573,町87:町田BC-鶴間駅東口[神奈川中央交通]
1814,573,町88:町田BC-鶴間車庫[神奈川中央交通]
1815,573,町89:町田BC-南町田駅[神奈川中央交通]
1816,573,町92:町田BC-高ヶ坂団地[神奈川中央交通]
1817,573,町93:町田BC-昭和薬科大学[神奈川中央交通]
1818,573,町94:成瀬台-昭和薬科大学-町田BC[神奈川中央交通]
1819,573,町94:町田BC-昭和薬科大学-成瀬台[神奈川中央交通]
1820,573,鶴01:鶴川駅-フェリシアこども短期大学[神奈川中央交通]
1821,424,鶴12:北廻り鶴川団地循環→鶴川駅[小田急バス]
1822,573,鶴21:鶴川駅-若葉台駅[神奈川中央交通]
1823,573,鶴22:鶴川駅-調布駅南口[神奈川中央交通]
1824,573,鶴23:鶴川駅-急行-和光学園[神奈川中央交通]
1825,573,鶴25:鶴川駅→平和台循環[神奈川中央交通]
1826,573,鶴31:鶴川駅-永山駅[神奈川中央交通]
1827,573,鶴32:鶴川駅-小野路-多摩センター駅[神奈川中央交通]
1828,573,鶴33:鶴川駅-野津田車庫[神奈川中央交通]
1829,573,鶴37:鶴川駅-淵野辺駅北口[神奈川中央交通]
1830,573,鶴57:鶴川駅-やくし台センター[神奈川中央交通]
1831,573,南02:マークスプリングス-南町田駅[神奈川中央交通]
1832,573,南03:マークスプリングス-大ヶ谷戸-南町田駅[神奈川中央交通]
1833,573,鶴25:平和台循環→鶴川駅[神奈川中央交通]
1834,573,八07:八王子駅-相模湖駅[神奈川中央交通]
1835,573,八77:八王子駅南口-片倉台小学校前-橋本駅北口[神奈川中央交通]
1836,573,淵21:淵野辺駅北口-小山田はなみずきの丘[神奈川中央交通]
1837,573,淵25:淵野辺駅北口-直行-日大三高[神奈川中央交通]
1838,573,淵67:日大三高-小山田桜台-淵野辺駅[神奈川中央交通]
1839,573,鶴23:鶴川駅-下大蔵-和光学園[神奈川中央交通]
1840,573,鶴66:鶴川駅-山王ガーデン-野津田車庫[神奈川中央交通]
1841,573,町18:まちっこ公共施設巡回ルート[神奈川中央交通]
1842,573,町50 買物バス:町田BC-藤の台団地-鶴川団地[神奈川中央交通]
1843,573,柿26:市が尾駅-若葉台駅[神奈川中央交通]
1844,573,柿27:柿生駅北口-若葉台駅[神奈川中央交通]
1845,573,橋61他:橋本駅北口-相原-大戸[神奈川中央交通]
1846,573,橋18:橋本駅北口-根岸-東京家政学院[神奈川中央交通]
1847,573,橋20/橋62:橋本駅北口-相原-法政大学[神奈川中央交通]
1848,573,橋24:橋本駅北口-真米-東京家政学院[神奈川中央交通]
1849,573,橋63:橋本駅北口-相原-法政大学-大戸[神奈川中央交通]
1850,573,橋26:橋本駅北口-原宿-大戸-法政大学[神奈川中央交通]
1851,573,橋73:橋本駅北口-多摩境駅[神奈川中央交通]
1852,573,橋75:橋本駅北口-トンネル-多摩美術大学[神奈川中央交通]
1853,573,橋76:橋本駅北口-三ツ目山-多摩境駅-多摩車庫[神奈川中央交通]
1854,573,橋80:橋本駅北口-堂の前-神奈中多摩車庫[神奈川中央交通]
1855,573,古02:古淵駅-山崎団地[神奈川中央交通]
1856,573,古03:古淵駅-藤の台団地[神奈川中央交通]
1857,573,町30:橋本駅北口-町田ターミナル[神奈川中央交通]
1858,573,町60:町田ターミナル-多摩境駅-橋本駅北口[神奈川中央交通]
1859,573,町62・町63:町田BC-神奈中多摩車庫[神奈川中央交通]
1860,573,町70:町田BC-十日市場駅[神奈川中央交通]
1861,573,町73:町田BC-青葉台駅[神奈川中央交通]
1862,573,南01:南町田駅-若葉台中央[神奈川中央交通]
1863,573,八77:橋本駅北口-片倉台小学校前-八王子駅南口[神奈川中央交通]
1864,573,淵23:淵野辺駅北口-野津田車庫[神奈川中央交通]
1865,573,淵24:淵野辺駅北口-登戸[神奈川中央交通]
1866,573,淵30:淵野辺駅北口-小山田桜台[神奈川中央交通]
1867,573,淵65:淵野辺駅北口-神奈中多摩車庫[神奈川中央交通]
1868,573,淵67:淵野辺駅北口-小山田桜台-日大三高[神奈川中央交通]
1869,573,橋78:橋本駅北口-リーフィア-多摩美術大学[神奈川中央交通]
1870,573,町77:町田BC-長津田駅北口[神奈川中央交通]
1871,573,津02:成瀬台-長津田駅北口[神奈川中央交通]
1872,573,淵40:矢部駅・相模野病院-大野北こどもセ-馬場橋南[神奈川中央交通]
1873,573,急行:上矢部-矢部駅・相模野病院前[神奈川中央交通]
1874,573,急行:矢部駅・相模野病院前-馬場橋南[神奈川中央交通]
1875,573,町50 買物バス:町田BC-鶴川駅-センター-鶴川団地[神奈川中央交通]
1876,573,町54:町田BC-藤の台団地[神奈川中央交通]
1877,573,町54:藤の台団地-鶴川駅[神奈川中央交通]
1878,573,津01:長津田駅-南町田駅[神奈川中央交通]
1879,573,小山田桜台-多摩南部地域病院[神奈川中央交通]
1880,573,御殿場プレミアムアウトレット線[神奈川中央交通]
1881,573,深夜急行〔大船行き〕[神奈川中央交通]
1882,573,深夜急行〔平塚行き〕[神奈川中央交通]
1883,573,深夜急行〔本厚木行き〕[神奈川中央交通]
1884,573,相模大野・町田-東京ディズニーリゾート線[神奈川中央交通]
1885,507,深夜急行:船橋・北習志野・八千代緑が丘方面[船橋新京成バス]
1886,,品川・台場循環〔台場方面〕[お台場レインボーバス]
1887,,品川・台場循環〔品川方面〕[お台場レインボーバス]
1888,441,金02[京成タウンバス/マイスカイ交通]
1889,495,細02〔外回り〕[京成バス]
1890,520,深夜急行バス〔新橋→成田空港〕[ちばグリーンバス]
1891,1592,マイタウン・ダイレクト〔ユーカリが丘-東京〕[高速バス]
1892,1592,マイタウン・ダイレクト〔国立歴史民俗博物館-東京〕[高速バス]
1893,520,深夜急行バス〔新橋→京成佐倉〕[ちばグリーンバス]
1894,1592,大阪・京都-東京/関西→関東〔昼行便〕[ウィラー(高速バス)]
1895,1592,大阪・京都-東京/関西→関東〔夜行便〕[ウィラー(高速バス)]
1896,1592,東京-京都・大阪/関東→関西〔昼行便〕[ウィラー(高速バス)]
1897,1592,東京-京都・大阪/関東→関西〔夜行便〕[ウィラー(高速バス)]
1898,1592,東京・神奈川-広島/関東→広島[ウィラー(高速バス)]
1899,1592,東京・千葉-山形/関東→山形[ウィラー(高速バス)]
1900,1592,東京・千葉-秋田/関東→秋田[ウィラー(高速バス)]
1901,1592,東京-新潟/関東→新潟〔昼行便〕[ウィラー(高速バス)]
1902,1592,東京-新潟/関東→新潟〔夜行便〕[ウィラー(高速バス)]
1903,1592,東京・千葉-岡山・広島/関東→岡山・広島[ウィラー(高速バス)]
1904,1592,東京・千葉-青森/関東→青森[ウィラー(高速バス)]
1905,1592,東京・千葉-石川・富山/関東→石川・富山[ウィラー(高速バス)]
1906,1592,東京-宮城・福島/関東→仙台〔昼行便〕[ウィラー(高速バス)]
1907,1592,東京-宮城・福島/関東→仙台〔夜行便〕[ウィラー(高速バス)]
1908,1592,東京・川崎・千葉-長野/関東→長野[ウィラー(高速バス)]
1909,1592,東京-青森・岩手/関東→八戸・盛岡[ウィラー(高速バス)]
1910,1592,東京-鳥取・島根/関東→米子・松江・出雲[ウィラー(高速バス)]
1911,1592,東京・川崎-愛知/関東→名古屋〔昼行便〕[ウィラー(高速バス)]
1912,1592,東京・千葉-愛知他/関東→名古屋〔夜行便〕[ウィラー(高速バス)]
1913,1592,島根-東京/米子・松江・出雲→関東[ウィラー(高速バス)]
1914,1592,山形・福島-東京/山形・福島→関東[ウィラー(高速バス)]
1915,1592,秋田-東京/秋田→関東[ウィラー(高速バス)]
1916,1592,新潟-東京・千葉/新潟→関東〔昼行便〕[ウィラー(高速バス)]
1917,1592,新潟-東京・千葉/新潟→関東〔夜行便〕[ウィラー(高速バス)]
1918,1592,広島・岡山-東京・千葉/広島・岡山→関東[ウィラー(高速バス)]
1919,1592,青森-東京・千葉/青森→関東[ウィラー(高速バス)]
1920,1592,石川・富山-東京・千葉/石川・富山→関東[ウィラー(高速バス)]
1921,1592,宮城・福島-東京/仙台→関東〔昼行便〕[ウィラー(高速バス)]
1922,1592,宮城・福島-東京/仙台→関東〔夜行便〕[ウィラー(高速バス)]
1923,1592,長野-東京・千葉/長野→関東[ウィラー(高速バス)]
1924,1592,青森・岩手-東京/八戸・盛岡→関東[ウィラー(高速バス)]
1925,1592,愛知-東京・横浜/名古屋→関東〔昼行便〕[ウィラー(高速バス)]
1926,1592,愛知-東京・千葉/名古屋→関東〔夜行便〕[ウィラー(高速バス)]
1927,1592,三重・名古屋-東京/伊勢・津→関東[ウィラー(高速バス)]
1928,1592,東京-名古屋・三重/関東→伊勢・津[ウィラー(高速バス)]
1929,1592,千葉-東京/芝山町・成田空港→大崎駅[ウィラー(高速バス)]
1930,1592,東京-千葉/大崎駅→成田空港・芝山町[ウィラー(高速バス)]
1931,1592,京都・兵庫-東京/但馬・丹波→関東[ウィラー(高速バス)]
1932,1592,東京-京都・兵庫/関東→但馬・丹波[ウィラー(高速バス)]
1933,1592,静岡-東京/三島→羽田空港[ウィラー(高速バス)]
1934,1592,東京-静岡/羽田空港→三島[ウィラー(高速バス)]
1935,1592,千葉-東京/成田空港→池袋[ウィラー(高速バス)]
1936,1592,東京-千葉/池袋→成田空港[ウィラー(高速バス)]
1937,875,錦ルート[くるりんバス]
1938,875,西砂ルート[くるりんバス]
1939,875,砂川支線[くるりんバス]
1940,875,曙支線[くるりんバス]
1941,875,西砂ルート〔西砂町二丁目経由〕[くるりんバス]
1942,,シェラトン都ホテル東京-品川駅[シャトルバス]
1943,,シェラトン都ホテル東京-目黒駅[シャトルバス]
1944,,ヒルトン東京-新宿駅西口[シャトルバス]
1945,,フォレスト・イン昭和館-JR昭島駅北口[シャトルバス]
1946,,ホテルイースト21東京→東京ディズニーリゾート[シャトルバス]
1947,,ホテルイースト21東京-東陽町駅・新木場駅[シャトルバス]
1948,,ホテル椿山荘東京-池袋駅[シャトルバス]
1949,,御殿山トラストシティ-品川駅(高輪口)[シャトルバス]
1950,,目黒雅叙園-目黒駅[シャトルバス]
1951,,ザ・プリンスパークタワー東京-浜松町[シャトルバス]
1952,,目黒雅叙園-品川駅[シャトルバス]
1953,,東京ディズニーリゾート→ホテルイースト21東京[シャトルバス]
1954,325,尾瀬号[関越交通/川越観光自動車]
1955,325,みなかみ温泉号[予約制][関越交通]
1956,454,循環路線:役場→空港→護神〔八高経由〕[八丈町営バス]
1957,454,循環路線:護神→空港→町役場〔八高経由〕[八丈町営バス]
1958,454,循環路線:役場→空港→護神〔八重根経由〕[八丈町営バス]
1959,454,循環路線:護神→空港→役場〔八重根経由〕[八丈町営バス]
1960,454,末吉→神湊〔坂下行き〕[八丈町営バス]
1961,454,神湊→末吉〔坂上行き〕[八丈町営バス]
1962,1592,東京-岩手・青森[オリオンバス(高速バス)]
1963,1592,東京-秋田[オリオンバス(高速バス)]
1964,1592,東京-宮城・山形[オリオンバス(高速バス)]
1965,1592,東京-富山・金沢・福井[オリオンバス(高速バス)]
1966,1592,東京-愛知・岐阜[オリオンバス(高速バス)]
1967,1592,首都圏-京阪神[オリオンバス(高速バス)]
1968,1592,東京-福岡[オリオンバス(高速バス)]
1969,1592,東京-岡山・広島[オリオンバス(高速バス)]
1970,1592,東京-岡山・高知[オリオンバス(高速バス)]
1971,1592,東京-出雲[オリオンバス(高速バス)]
1972,1592,首都圏-盛岡・青森[ジャムジャムライナー(高速バス)]
1973,1592,東京-秋田[ジャムジャムライナー(高速バス)]
1974,1592,首都圏-福島・仙台[ジャムジャムライナー(高速バス)]
1975,1592,新宿-福島・山形[ジャムジャムライナー(高速バス)]
1976,1592,東京-長岡・新潟[ジャムジャムライナー(高速バス)]
1977,1592,首都圏-富山・金沢[ジャムジャムライナー(高速バス)]
1978,1592,首都圏-名古屋[ジャムジャムライナー(高速バス)]
1979,1592,首都圏-京阪神[ジャムジャムライナー(高速バス)]
1980,1592,東京-広島[ジャムジャムライナー(高速バス)]
1981,1592,東京-岡山[ジャムジャムライナー(高速バス)]
1982,1592,首都圏-伊勢神宮[ジャムジャムライナー(高速バス)]
1983,1592,横浜・新宿-長岡・新潟[キラキラ号(高速バス)]
1984,1592,横浜・新宿-横手・大曲・秋田・能代[キラキラ号(高速バス)]
1985,1592,横浜・新宿-山形・鶴岡・酒田[キラキラ号(高速バス)]
1986,1592,新宿・横浜-名古屋[キラキラ号(高速バス)]
1987,1592,横浜・新宿-盛岡・弘前・青森[キラキラ号(高速バス)]
1988,1592,横浜・新宿-富山・金沢・福井[さくら高速バス(高速バス)]
1989,1592,首都圏-名古屋[さくら高速バス(高速バス)]
1990,1592,首都圏-仙台[さくら高速バス(高速バス)]
1991,1592,首都圏-京阪神[さくら高速バス(高速バス)]
1992,1592,東京・新宿-京都・大阪[キラキラ号(高速バス)]
1993,1592,新宿-福島・仙台[キラキラ号(高速バス)]
1994,1592,グランシアファースト〔大宮-天王寺〕[VIPライナー(高速バス)]
1995,1592,チェリッシュ(関西)<女性専用>[VIPライナー(高速バス)]
1996,1592,プルメリア〔首都圏-京阪〕<女性専用>[VIPライナー(高速バス)]
1997,1592,ロイヤルブルー〔埼玉-京阪神〕[VIPライナー(高速バス)]
1998,1592,グランシア〔首都圏-京阪〕[VIPライナー(高速バス)]
1999,1592,VIPライナー1・2便[VIPライナー(高速バス)]
2000,1592,VIPライナー7便[VIPライナー(高速バス)]
2001,1592,VIPライナー8便[VIPライナー(高速バス)]
2002,1592,プルメリアグランデ<女性専用>[VIPライナー(高速バス)]
2003,1592,プルメリアグランデ神戸便<女性専用>[VIPライナー(高速バス)]
2004,1592,VIPライナー3便[VIPライナー(高速バス)]
2005,1592,VIPライナー6便[VIPライナー(高速バス)]
2006,1592,VIPライナー5便[VIPライナー(高速バス)]
2007,1592,アクアスター〔首都圏-京阪〕[VIPライナー(高速バス)]
2008,1592,VIPライナー〔首都圏-金沢〕[VIPライナー(高速バス)]
2009,1592,VIPライナー名古屋1便〔横浜経由〕[VIPライナー(高速バス)]
2010,1592,VIPライナー名古屋2便〔新宿経由〕[VIPライナー(高速バス)]
2011,1592,VIPライナー名古屋3便〔埼玉経由〕[VIPライナー(高速バス)]
2012,1592,名古屋便チェリッシュ<女性専用>[VIPライナー(高速バス)]
2013,1592,VIPライナー101便[VIPライナー(高速バス)]
2014,1592,VIPライナー102便[VIPライナー(高速バス)]
2015,1592,VIPライナー103便[VIPライナー(高速バス)]
2016,1592,VIPライナー河口湖便[VIPライナー(高速バス)]
2017,1597,メトロリンク日本橋[日の丸自動車]
2018,1597,丸の内シャトル[日の丸自動車]
2019,1597,メトロリンク日本橋Eライン[日の丸自動車]
2020,485,目白台・小日向ルート〔目白台運動公園方面〕[Bーぐる(文京区)]
2021,1593,晴海ライナー〔トリトンスクエア-高島屋〕[日立自動車交通]
2022,485,千駄木・駒込ルート〔千駄木駅→ラクーア〕[Bーぐる(文京区)]
2023,485,目白台・小日向ルート〔シビックセンター方面〕[Bーぐる(文京区)]
2024,1593,[綾瀬01]はるかぜ1号[日立自動車交通]
2025,1593,[綾瀬11/綾瀬11-2/綾瀬12/綾瀬13]はるかぜ9・12号[日立自動車交通]
2026,1593,[西51]はるかぜ10号[日立自動車交通]
2027,476,有71・有72[レインボーかつしか(葛飾区)]
2028,476,有72〔亀有駅止まり〕[レインボーかつしか(葛飾区)]
2029,476,有73[レインボーかつしか(葛飾区)]
2030,469,北循環〔中央区役所→浜町駅〕[江戸バス(中央区)]
2031,469,北循環〔浜町駅→中央区役所〕[江戸バス(中央区)]
2032,469,南循環〔中央区役所→勝どき駅〕[江戸バス(中央区)]
2033,469,南循環〔勝どき駅→中央区役所〕[江戸バス(中央区)]
2034,485,本郷・湯島ルート〔天神下方面〕[Bーぐる(文京区)]
2035,485,本郷・湯島ルート〔天神下-春日一丁目〕[Bーぐる(文京区)]
2036,463,南めぐりん〔浅草橋駅北-台東区役所〕[めぐりん(台東区)]
2037,1593,晴海ライナー〔高島屋-晴海二丁目〕[日立自動車交通]
2038,485,千駄木・駒込ルート〔ラクーア→千駄木駅〕[Bーぐる(文京区)]
2039,450,麹町ルート[風ぐるま(千代田区)]
2040,450,秋葉原ルート[風ぐるま(千代田区)]
2041,450,内神田ルート[風ぐるま(千代田区)]
2042,450,富士見・神保町ルート[風ぐるま(千代田区)]
2043,486,王子・駒込ルート[Kバス(北区)]
2044,486,田端循環ルート[Kバス(北区)]
2045,476,綾瀬駅→小菅駅→綾瀬駅[さくら(葛飾区)]
2046,463,北めぐりん〔浅草回り〕[めぐりん(台東区)]
2047,463,北めぐりん〔根岸回り〕[めぐりん(台東区)]
2048,476,有71〔新宿循環〕[レインボーかつしか(葛飾区)]
2049,463,東西めぐりん〔区役所-三崎坂上-千駄木駅〕[めぐりん(台東区)]
2050,463,東西めぐりん〔千駄木駅-浅草駅〕[めぐりん(台東区)]
2051,463,南めぐりん〔台東病院-台東区役所〕[めぐりん(台東区)]
2052,534,東京ディズニーリゾート線[京成トランジットバス/京王バス東]
2053,534,調布-東京ディズニーリゾート線[京成トランジットバス/京王バス東]
2054,534,幕張メッセ-渋谷マークシティ[東急/ちばシティ/トランジット/京王]
2055,534,武蔵浦和・池袋-東京ディズニーリゾート線[京成/トラン/国際興業]
2056,1592,東京-上高地/さわやか信州号[高速バス]
2057,1592,新宿−上高地/さわやか信州号[高速バス]
2058,1592,渋谷−上高地/さわやか信州号[高速バス]
2059,504,豊洲成田線[千葉内陸バス]
2060,479,恩多青葉町線[銀河鉄道]
2061,479,小平国分寺線[銀河鉄道]
2062,500,東京・大網線[千葉中央バス]
2063,1592,東京-冨里・多古[高速バス]
2064,1592,銚子-成田-京都-なんば〔なんば行〕[高速バス]
2065,1592,銚子-成田-京都-なんば〔銚子行〕[高速バス]
2066,1592,銚子東京線[高速バス]
2067,547,マイタウンライナーおゆみ野/ちはら台線[平和交通]
2068,547,幕張ベイエリア線〔幕張メッセ経由〕[平和交通/あすか交通]
2069,547,幕張ベイエリア線[平和交通/あすか交通]
2070,547,マイタウンライナー外房大網線〔深夜急行〕[平和交通]
2071,547,マイタウンライナー成田線〔深夜急行〕[平和交通]
2072,547,マイタウンライナー千葉ニュータウン線〔深夜急行〕[平和交通]
2073,547,マイタウンライナー勝田台・ユーカリが丘線〔深夜急行〕[平和交通]
2074,547,マイタウンライナー内房五井線〔深夜急行〕[平和交通]
2075,547,マイタウンライナー蘇我線〔深夜急行〕[平和交通]
2076,547,マイタウンライナー幕張ベイエリア・稲毛線〔深夜急行〕[平和交通]
2077,460,夕景浜行き[三宅村営バス]
2078,460,大久保浜行き[三宅村営バス]
2079,460,三池-高校前〔錆ヶ浜・伊ヶ谷港経由〕[三宅村営バス]
2080,460,三池-高校前[三宅村営バス]
2081,460,連絡バス〔夕景浜行き〕[三宅村営バス]
2082,460,連絡バス〔大久保浜行き〕[三宅村営バス]
2083,460,連絡バス〔着岸港で出発バス停が異なります〕[三宅村営バス]
2084,460,連絡バス〔三池港〕着岸港で出発バス停が異なります[三宅村営バス]
2085,1596,はるかぜ2号[朝日バス]
2086,443,レインボーライン[大島バス]
2087,443,三原山ライン[大島バス]
2088,443,大島公園ライン[大島バス]
2089,443,大島公園ライン〔岡田港〕[大島バス]
2090,443,波浮港ライン[大島バス]
2091,443,波浮港ライン〔波浮港〕[大島バス]
2092,443,大砂漠ライン[大島バス]
2093,443,ぶらっと・野田浜ライン〔岡田港-野田浜海水浴場〕[大島バス]
2094,443,ぶらっと・野田浜ライン〔野田浜海水浴場-元町港〕[大島バス]
2095,293,鹿島神宮駅-羽田空港線[関東鉄道]
2096,293,羽田空港-つくば[関東鉄道]
2097,293,茨城空港-東京駅線[関東鉄道]
2098,1592,土浦・つくば-TDL・東京テレポート駅[高速バス]
2099,1592,東京-岐阜・愛知/中央ライナー可児号[高速バス]
2100,1592,東京-岐阜・愛知/ドリーム可児号[高速バス]
2101,494,東京駅-東京港フェリーターミナル線[JRバス関東]
2102,494,無料循環水素シャトルバス[JRバス関東]
2103,498,新松戸・千葉ニュータウン・成田線〔深夜急行バス〕[成田空港交通]
2104,498,西船橋・千葉ニュータウン・成田線〔深夜急行バス〕[成田空港交通]
2105,498,仙台線〔成田空港・TDR-仙台駅〕[成田空港交通]
2106,1594,Aルート[IKEBUS]
2107,1594,Bルート[IKEBUS]
2108,1592,MEX三沢/MEX八戸[岩手県北バス(高速バス)]
2109,1592,MEX青森[岩手県北バス(高速バス)]
2110,1592,MEX宮古・盛岡[岩手県北バス(高速バス)]
2111,467,北西中ルート/北ルート〔国立駅北口-国立駅南口〕[くにっこ]
2112,467,北西中ルート〔国立駅南口-国立市役所〕[くにっこ]
2113,481,ブルーライン[小笠原村営バス]
2114,481,オレンジライン[小笠原村営バス]
2115,481,扇浦線[小笠原村営バス]
2116,444,平山ルート[かわせみゴー]
2117,444,明星ルート[かわせみゴー]
2118,444,平山ルート〔豊田駅南口方面〕[かわせみゴー]
2119,488,栄町ルート[ぶるべー号]
2120,488,大沼ルート[ぶるべー号]
2121,488,鈴木町ルート[ぶるべー号]
2122,448,玉川上水ルート[MMシャトル(武蔵村山市)]
2123,448,上北台ルート[MMシャトル(武蔵村山市)]
2124,448,上北台ルート〔かたくりの湯方面〕[MMシャトル(武蔵村山市)]
2125,490,木場ルート〔木場方面〕[しおかぜ]
2126,490,木場ルート〔潮見方面〕[しおかぜ]
2127,490,辰巳ルート〔辰巳方面〕[しおかぜ]
2128,490,辰巳ルート〔潮見方面〕[しおかぜ]
2129,483,神戸線[やまびこ号(檜原村)]
2130,483,泉沢・日向線〔泉沢方面〕[やまびこ号(檜原村)]
2131,483,泉沢・日向線[やまびこ号(檜原村)]
2132,483,藤倉線〔旧藤倉小方面〕[やまびこ号(檜原村)]
2133,483,藤倉線〔総角沢方面〕[やまびこ号(檜原村)]
2134,483,藤倉線[やまびこ号(檜原村)]
2135,480,神津島港-空港・多幸湾[村営バス(神津島村)]
2136,480,西海岸ルート[村営バス(神津島村)]
2137,480,夜間温泉巡回:神津島港行[夜間温泉巡回バス(神津島村)]
2138,480,大型客船アクセスルート[村営バス(神津島村)]
2139,480,天上山6合目直行[村営バス(神津島村)]
2140,480,夜間温泉巡回:温泉保養センター行[夜間温泉巡回バス(神津島村)]
2141,464,西ルート〔拝島駅経由〕[Aバス(昭島市)]
2142,464,西ルート〔保健福祉C経由〕[Aバス(昭島市)]
2143,464,西ルート〔昭島駅南口〕[Aバス(昭島市)]
2144,464,東ルート〔昭島団地経由〕[Aバス(昭島市)]
2145,464,東ルート〔昭島郵便局経由〕[Aバス(昭島市)]
2146,464,東ルート〔東中神駅〕[Aバス(昭島市)]
2147,464,北ルート〔昭島駅南口→日本航空電子工業〕[Aバス(昭島市)]
2148,464,北ルート〔日本航空電子工業→昭島駅南口〕[Aバス(昭島市)]
2149,464,中央ルート[Aバス(昭島市)]
2150,442,[鹿02]はるかぜ6号[新日本観光自動車]
2151,442,[宮03]はるかぜ8号〔江南公園方面〕[新日本観光自動車]
2152,442,[宮03]はるかぜ8号〔北千住駅方面〕[新日本観光自動車]
2153,442,[千01]はるかぜ5号〔千住中居町方面〕[新日本観光自動車]
2154,442,[千01]はるかぜ5号〔北千住駅西口方面〕[新日本観光自動車]
2155,442,[椿04]はるかぜ11号〔堀之内方面〕[新日本観光自動車]
2156,442,[椿04]はるかぜ11号〔北千住駅西口方面〕[新日本観光自動車]
2157,471,西町ルート[ぶんバス(国分寺市)]
2158,471,北町ルート[ぶんバス(国分寺市)]
2159,410,東コース〔ひばりヶ丘駅-栄三条-新座市役所〕[にいバス(新座市)]
2160,482,ふれあいバス[新島村コミュニティバス]
2161,470,〔中前橋方面〕[CoCoバス(小金井市)[野川・七軒家循環]]
2162,470,〔武蔵小金井駅方面〕[CoCoバス(小金井市)[野川・七軒家循環]]
2163,1598,元狭山・長岡コース(西口発・東口着)[瑞穂町コミュニティバス]
2164,1598,元狭山・長岡コース(東口発・西口着)[瑞穂町コミュニティバス]
2165,1598,元狭山コース[瑞穂町コミュニティバス]
2166,1598,石畑・殿ケ谷コース[瑞穂町コミュニティバス]
2167,1598,箱根ケ崎・長岡コース[瑞穂町コミュニティバス]
2168,1598,武蔵野コース[瑞穂町コミュニティバス]
